order_id,order_date,product_name,product_line,size,units_sold,mrp,discount_applied,revenue,profit,region,gender_category,sales_channel
2000,2024-09-03,SuperRep Go,Training,M,1.0,5705.89380952381,0.47,5705.42380952381,-770.45,Bengaluru,Kids,Online
2001,2024-09-07,Tiempo Legend,Soccer,M,3.0,4957.93,0.0,14873.79,-112.53,Hyderabad,Women,Retail
2004,2024-09-12,React Infinity,Running,XL,1.0,6562.255999999999,0.0,6562.255999999999,187.89,Delhi,Kids,Retail
2010,2025-01-16,Waffle One,Lifestyle,L,1.0,7949.83,0.0,7949.83,1965.56,Pune,Kids,Online
2014,2025-12-04,React Infinity,Running,11,1.0,6562.255999999999,0.0,6562.255999999999,-1044.4,Bengaluru,Women,Online
2021,2024-11-19,Free RN,Running,L,1.0,7086.7,0.66,7086.04,-1120.49,Hyderabad,Men,Retail
2022,2024-09-24,Premier III,Soccer,M,1.0,6198.562173913043,0.0,6198.562173913043,3427.16,Pune,Women,Online
2026,2024-10-08,Blazer Mid,Lifestyle,XL,1.0,6815.108181818182,0.16,6814.948181818182,2301.64,Kolkata,Kids,Retail
2030,2025-07-14,Phantom GT,Soccer,XL,1.0,5798.905416666667,1.05,5797.855416666667,-122.93,Hyderabad,Men,Retail
2031,2024-09-05,Premier III,Soccer,Unknown,4.0,3493.04,0.82,13968.88,350.7,Delhi,Men,Online
2041,2025-03-05,Tiempo Legend,Soccer,12,1.0,5553.88,0.0,5553.88,2371.66,Hyderabad,Kids,Online
2042,2025-04-19,Kyrie Flytrap,Basketball,L,1.0,5486.323846153847,0.0,5486.323846153847,-862.16,Hyderbad,Women,Online
2043,2024-02-05,Premier III,Soccer,XL,1.0,3492.89,0.77,3492.12,3770.75,Delhi,Men,Retail
2044,2023-06-09,SuperRep Go,Training,Unknown,1.0,5705.89380952381,0.0,5705.89380952381,2174.71,Delhi,Kids,Online
2045,2025-06-04,Dunk Low,Lifestyle,XL,4.0,5884.702903225807,0.0,23538.811612903228,1833.94,Delhi,Kids,Retail
2051,2024-05-01,Air Jordan,Basketball,XL,1.0,5357.1505,0.37,5356.7805,3135.98,Delhi,Women,Retail
2052,2024-08-10,Flex Trainer,Training,10,3.0,9155.96,0.0,27467.879999999997,2184.8,Pune,Men,Retail
2053,2024-10-02,Air Force 1,Lifestyle,XL,3.0,6009.58,0.0,18028.739999999998,3384.92,Delhi,Men,Online
2054,2025-06-23,Flex Trainer,Training,11,1.0,6230.998695652174,0.0,6230.998695652174,-549.76,Mumbai,Women,Online
2048,2024-09-14,Waffle One,Lifestyle,M,3.0,6216.29,0.94,18646.050000000003,-642.02,Mumbai,Men,Online
2060,2024-11-07,Waffle One,Lifestyle,L,2.0,7979.26,0.0,15958.52,2821.59,Bengaluru,Men,Online
2064,2025-03-02,React Infinity,Running,L,2.0,7557.71,0.0,15115.42,3277.44,Bengaluru,Kids,Online
2065,2024-11-02,Waffle One,Lifestyle,10,1.0,6112.424782608695,0.78,6111.644782608695,21.58,Hyderabad,Women,Retail
2066,2024-10-12,Phantom GT,Soccer,XL,1.0,5259.05,0.0,5259.05,1022.82,Mumbai,Men,Online
2068,2024-12-05,Free RN,Running,Unknown,4.0,2553.29,0.0,10213.16,984.9,Mumbai,Men,Retail
2071,2025-01-12,Blazer Mid,Lifestyle,M,3.0,7849.81,0.49,23547.960000000003,-882.96,Pune,Kids,Retail
2075,2025-07-14,Air Jordan,Basketball,L,4.0,4251.74,0.0,17006.96,2345.35,Pune,Kids,Online
2079,2025-01-19,Pegasus Turbo,Running,XL,1.0,4322.06,0.0,4322.06,279.78,Bengaluru,Men,Online
2085,2024-12-17,Kyrie Flytrap,Basketball,Unknown,1.0,7561.85,0.0,7561.85,98.72,Kolkata,Men,Retail
2087,2024-11-01,Zoom Freak,Basketball,Unknown,1.0,4656.28,0.0,4656.28,3777.5,Kolkata,Kids,Online
2100,2025-11-07,Phantom GT,Soccer,8,1.0,5937.52,0.0,5937.52,2287.57,Mumbai,Kids,Retail
2101,2025-07-03,Free RN,Running,XL,1.0,2010.07,0.0,2010.07,3398.01,Hyderabad,Kids,Online
2103,2025-01-08,LeBron 20,Basketball,XL,1.0,6777.88,0.0,6777.88,469.61,Kolkata,Women,Online
2107,2024-08-30,React Infinity,Running,M,4.0,6562.255999999999,0.0,26249.023999999998,-184.69,Hyderabad,Women,Online
2111,2024-11-21,Waffle One,Lifestyle,Unknown,1.0,6112.424782608695,1.14,6111.2847826086945,1326.67,Bengaluru,Men,Retail
2116,2024-08-27,LeBron 20,Basketball,Unknown,1.0,4038.32,1.13,4037.19,2088.55,Hyderabad,Women,Online
2126,2024-12-14,Pegasus Turbo,Running,L,1.0,5399.58,0.0,5399.58,2508.34,Pune,Kids,Retail
2133,2024-10-10,Metcon 7,Training,XL,1.0,6789.53,0.0,6789.53,-166.81,Pune,Men,Retail
2135,2024-03-11,Zoom Freak,Basketball,L,2.0,9106.61,0.74,18211.74,2422.38,Hyderbad,Men,Retail
2139,2025-06-19,Air Jordan,Basketball,M,1.0,5357.1505,0.0,5357.1505,-334.52,Mumbai,Women,Retail
2142,2024-03-10,Mercurial Superfly,Soccer,Unknown,1.0,5775.984,0.0,5775.984,-995.59,Kolkata,Kids,Retail
2143,2025-03-10,ZoomX Invincible,Training,L,1.0,6396.086666666667,0.0,6396.086666666667,1006.66,Delhi,Kids,Online
2146,2025-02-15,Air Jordan,Basketball,XL,1.0,5357.1505,1.12,5356.0305,-908.85,Mumbai,Kids,Retail
2148,2025-06-19,Kyrie Flytrap,Basketball,Unknown,1.0,5486.323846153847,0.0,5486.323846153847,520.55,Hyderabad,Men,Online
2149,2025-05-20,Pegasus Turbo,Running,Unknown,1.0,6310.468125,0.0,6310.468125,-595.69,Kolkata,Women,Online
2154,2025-01-04,Blazer Mid,Lifestyle,XL,1.0,2963.16,0.0,2963.16,2381.85,Bengaluru,Kids,Online
2157,2025-04-29,Premier III,Soccer,Unknown,1.0,6198.562173913043,0.0,6198.562173913043,-701.01,Delhi,Kids,Online
2160,2025-01-03,Air Zoom,Running,XL,1.0,5991.58,0.0,5991.58,3744.91,Mumbai,Kids,Retail
2163,2025-03-06,Dunk Low,Lifestyle,7,1.0,5884.702903225807,1.24,5883.462903225807,3344.98,Hyderabad,Men,Retail
2165,2024-11-11,SuperRep Go,Training,L,4.0,4577.65,0.0,18310.6,2460.19,Kolkata,Kids,Retail
2168,2024-01-08,Pegasus Turbo,Running,Unknown,1.0,6310.468125,0.85,6309.618125,3011.49,Kolkata,Women,Retail
2169,2024-12-14,Flex Trainer,Training,Unknown,4.0,4046.05,0.01,16184.16,1057.58,Delhi,Kids,Retail
2172,2024-12-17,ZoomX Invincible,Training,M,1.0,7988.99,1.2,7987.79,-909.86,Bengaluru,Women,Online
2181,2025-01-06,Air Force 1,Lifestyle,XL,2.0,6773.485862068966,0.0,13546.971724137931,419.58,Delhi,Women,Retail
2185,2025-06-08,ZoomX Invincible,Training,XL,4.0,4207.44,0.59,16827.399999999998,-615.48,Kolkata,Women,Online
2189,2024-10-02,SuperRep Go,Training,L,3.0,5705.89380952381,0.9,17114.98142857143,3628.46,Hyderabad,Men,Online
2191,2024-09-28,Air Force 1,Lifestyle,8,3.0,6773.485862068966,0.0,20320.457586206896,-1032.88,Pune,Men,Retail
2197,2024-06-10,ZoomX Invincible,Training,L,3.0,6396.086666666667,0.0,19188.260000000002,-418.5,Bengaluru,Kids,Online
2198,2025-01-05,SuperRep Go,Training,7,4.0,5705.89380952381,0.65,22820.97523809524,-169.33,Pune,Men,Online
2201,2024-10-05,SuperRep Go,Training,11,1.0,5705.89380952381,0.0,5705.89380952381,1403.56,Mumbai,Women,Online
2202,2025-07-04,Kyrie Flytrap,Basketball,M,1.0,7918.93,1.06,7917.87,1994.42,Bengaluru,Men,Retail
2204,2025-05-17,LeBron 20,Basketball,7,1.0,7660.41,0.0,7660.41,2076.75,Delhi,Men,Online
2209,2024-09-01,SuperRep Go,Training,Unknown,1.0,5705.89380952381,0.0,5705.89380952381,1956.7,Hyderabad,Kids,Retail
2212,2024-09-23,Blazer Mid,Lifestyle,L,1.0,7670.82,0.0,7670.82,-87.95,Kolkata,Women,Online
2215,2024-12-16,Zoom Freak,Basketball,XL,3.0,6700.074210526316,0.36,20099.14263157895,3254.06,Kolkata,Men,Online
2217,2025-04-15,Waffle One,Lifestyle,L,1.0,6112.424782608695,0.0,6112.424782608695,2190.84,Delhi,Women,Retail
2220,2024-09-09,SuperRep Go,Training,M,1.0,5705.89380952381,0.0,5705.89380952381,890.14,Kolkata,Kids,Online
2221,2024-06-01,Waffle One,Lifestyle,L,2.0,3375.97,0.0,6751.94,-297.05,Mumbai,Kids,Retail
2226,2025-06-28,Zoom Freak,Basketball,Unknown,1.0,6700.074210526316,0.31,6699.764210526316,-131.04,Delhi,Women,Online
2228,2024-08-22,Zoom Freak,Basketball,Unknown,1.0,9382.15,0.0,9382.15,-127.34,Kolkata,Kids,Online
2229,2025-03-26,Air Zoom,Running,XL,1.0,7143.23,0.0,7143.23,3284.36,Mumbai,Men,Retail
2232,2024-11-17,Free RN,Running,XL,1.0,2149.28,0.32,2148.96,2409.87,Kolkata,Women,Online
2237,2025-06-26,Metcon 7,Training,M,1.0,5089.88,0.0,5089.88,-238.18,Mumbai,Kids,Online
2239,2024-08-04,SuperRep Go,Training,XL,1.0,5705.89380952381,0.0,5705.89380952381,1750.71,Kolkata,Men,Online
2240,2025-01-22,Air Jordan,Basketball,M,1.0,9520.5,0.48,9520.02,-928.85,Kolkata,Kids,Retail
2241,2025-02-19,Tiempo Legend,Soccer,12,1.0,9662.04,0.0,9662.04,-233.74,Hyderbad,Women,Online
2250,2024-01-10,Kyrie Flytrap,Basketball,XL,1.0,5486.323846153847,0.0,5486.323846153847,821.13,Pune,Men,Retail
2255,2025-04-06,LeBron 20,Basketball,XL,1.0,2222.55,0.84,2221.71,586.56,Mumbai,Kids,Retail
2256,2025-03-30,Phantom GT,Soccer,Unknown,1.0,5798.905416666667,0.0,5798.905416666667,3175.83,Hyderbad,Men,Online
2257,2025-02-09,Kyrie Flytrap,Basketball,XL,1.0,5486.323846153847,0.0,5486.323846153847,-365.42,Mumbai,Men,Online
2259,2024-10-20,Mercurial Superfly,Soccer,M,1.0,5775.984,0.0,5775.984,2323.89,Delhi,Women,Retail
2260,2024-12-12,Dunk Low,Lifestyle,M,2.0,5884.702903225807,0.0,11769.405806451614,-352.18,Pune,Women,Retail
2265,2024-11-23,Premier III,Soccer,7,1.0,2422.97,0.0,2422.97,-67.74,Delhi,Women,Retail
2271,2024-03-05,Waffle One,Lifestyle,9,1.0,5116.58,0.07,5116.51,1293.94,Delhi,Kids,Retail
2274,2025-06-13,Metcon 7,Training,6,4.0,6091.2242857142855,0.45,24363.097142857143,2561.89,Bengaluru,Women,Online
2277,2024-12-28,LeBron 20,Basketball,M,1.0,3682.84,0.0,3682.84,3967.77,Hyderbad,Kids,Online
2279,2024-03-08,Blazer Mid,Lifestyle,6,1.0,6815.108181818182,0.0,6815.108181818182,766.72,Mumbai,Women,Retail
2280,2025-02-13,Mercurial Superfly,Soccer,M,1.0,5775.984,0.0,5775.984,3069.57,Delhi,Women,Online
2283,2024-08-21,Mercurial Superfly,Soccer,10,1.0,5775.984,0.0,5775.984,468.59,Delhi,Men,Retail
2296,2024-08-15,Phantom GT,Soccer,Unknown,1.0,5798.905416666667,0.0,5798.905416666667,-1188.86,Delhi,Women,Online
2306,2024-11-10,Air Jordan,Basketball,Unknown,1.0,8267.56,0.29,8267.269999999999,476.25,Bengaluru,Kids,Retail
2004,2025-02-23,Dunk Low,Lifestyle,M,1.0,5884.702903225807,0.6,5884.102903225807,-276.83,Bengaluru,Kids,Retail
2026,2024-09-25,Flex Trainer,Training,M,4.0,6230.998695652174,0.26,24922.954782608696,495.62,Delhi,Women,Online
2312,2024-09-30,Premier III,Soccer,Unknown,1.0,6198.562173913043,0.0,6198.562173913043,249.56,Bengaluru,Kids,Online
2321,2024-10-06,Dunk Low,Lifestyle,8,1.0,5884.702903225807,0.0,5884.702903225807,-362.47,Mumbai,Men,Online
2330,2024-10-22,Flex Trainer,Training,XL,1.0,6230.998695652174,0.06,6230.938695652174,-648.08,Mumbai,Women,Online
2334,2024-06-06,SuperRep Go,Training,L,4.0,5705.89380952381,0.82,22820.29523809524,-80.25,Mumbai,Women,Retail
2337,2024-10-17,SuperRep Go,Training,Unknown,1.0,5705.89380952381,0.0,5705.89380952381,3186.84,Pune,Women,Online
2340,2024-08-07,Free RN,Running,7,3.0,5418.565,0.91,16252.965,-425.99,Mumbai,Women,Online
2341,2025-04-22,Waffle One,Lifestyle,11,1.0,6112.424782608695,0.0,6112.424782608695,-280.18,Hyderabad,Women,Online
2352,2025-03-24,LeBron 20,Basketball,M,1.0,6663.402173913043,0.0,6663.402173913043,599.21,Bengaluru,Men,Online
2355,2024-07-26,Waffle One,Lifestyle,L,1.0,6112.424782608695,0.0,6112.424782608695,-887.83,Bengaluru,Women,Retail
2357,2025-04-28,Air Force 1,Lifestyle,M,1.0,6773.485862068966,1.23,6772.255862068966,-1199.32,Bengaluru,Women,Retail
2362,2024-12-09,Blazer Mid,Lifestyle,XL,2.0,6815.108181818182,1.04,13628.136363636364,3817.26,Bengaluru,Women,Online
2365,2024-08-17,React Infinity,Running,10,1.0,6562.255999999999,0.0,6562.255999999999,3555.61,Hyderabad,Women,Online
2366,2025-05-08,Waffle One,Lifestyle,M,1.0,6112.424782608695,0.63,6111.794782608695,3737.47,Bengaluru,Kids,Retail
2367,2024-11-12,Dunk Low,Lifestyle,XL,4.0,6202.99,0.84,24808.6,-202.12,Bengaluru,Kids,Online
2368,2023-04-08,Waffle One,Lifestyle,L,1.0,5582.98,0.0,5582.98,2369.28,Delhi,Women,Retail
2370,2025-02-04,Pegasus Turbo,Running,L,2.0,6310.468125,0.0,12620.93625,867.37,Delhi,Men,Online
2373,2024-09-22,Air Force 1,Lifestyle,XL,1.0,8637.25,0.35,8636.9,2738.82,Kolkata,Women,Retail
2376,2024-10-03,Dunk Low,Lifestyle,XL,1.0,3718.82,0.88,3717.94,-234.66,Delhi,Men,Online
2379,2024-09-04,Air Force 1,Lifestyle,L,4.0,6773.485862068966,0.0,27093.943448275862,3289.77,Mumbai,Men,Online
2381,2024-10-12,Dunk Low,Lifestyle,M,3.0,4834.65,1.02,14500.889999999998,213.96,Pune,Kids,Retail
2382,2024-09-03,Waffle One,Lifestyle,L,4.0,6112.424782608695,0.0,24449.69913043478,787.42,Mumbai,Men,Retail
2004,2025-02-28,LeBron 20,Basketball,Unknown,1.0,3272.45,0.0,3272.45,69.68,Kolkata,Women,Online
2387,2024-09-21,Kyrie Flytrap,Basketball,Unknown,3.0,5486.323846153847,0.0,16458.97153846154,1042.09,Pune,Women,Online
2388,2024-09-02,Air Zoom,Running,L,1.0,5321.46,0.0,5321.46,2587.26,Bengaluru,Kids,Retail
2390,2025-05-24,Waffle One,Lifestyle,XL,1.0,6112.424782608695,0.0,6112.424782608695,496.54,Delhi,Kids,Online
2002,2024-10-03,ZoomX Invincible,Training,XL,4.0,6820.42,0.0,27281.68,3842.85,Kolkata,Women,Retail
2395,2025-07-08,Premier III,Soccer,XL,1.0,6198.562173913043,0.0,6198.562173913043,85.0,Pune,Kids,Online
2399,2024-07-08,Air Zoom,Running,L,1.0,6188.29,0.0,6188.29,515.6,Pune,Women,Retail
2025,2024-09-10,ZoomX Invincible,Training,XL,4.0,6743.07,0.0,26972.28,-277.41,Pune,Kids,Online
2402,2025-09-03,React Infinity,Running,Unknown,1.0,6437.85,0.0,6437.85,1231.3,Mumbai,Kids,Online
2403,2024-08-24,React Infinity,Running,XL,1.0,6562.255999999999,1.13,6561.125999999999,1309.54,Delhi,Women,Retail
2408,2024-10-09,Premier III,Soccer,XL,1.0,6198.562173913043,0.0,6198.562173913043,1731.86,Bengaluru,Men,Retail
2409,2025-01-19,Zoom Freak,Basketball,M,1.0,6700.074210526316,0.0,6700.074210526316,2993.72,Bengaluru,Men,Retail
2415,2024-07-22,Free RN,Running,8,3.0,6178.39,0.0,18535.170000000002,73.75,Bengaluru,Women,Retail
2417,2024-12-29,Dunk Low,Lifestyle,Unknown,1.0,8293.38,1.12,8292.259999999998,1727.06,Bengaluru,Men,Retail
2420,2024-11-04,Zoom Freak,Basketball,9,1.0,6700.074210526316,1.02,6699.054210526316,1664.6,Hyderbad,Kids,Online
2421,2025-10-03,React Infinity,Running,M,2.0,8136.39,0.0,16272.78,3398.15,Pune,Women,Retail
2422,2024-07-23,Tiempo Legend,Soccer,Unknown,4.0,5768.682,0.0,23074.728,3044.66,Mumbai,Kids,Retail
2025,2025-05-03,Flex Trainer,Training,11,1.0,4554.97,0.0,4554.97,2802.1,Hyderbad,Kids,Retail
2430,2025-07-09,Tiempo Legend,Soccer,12,3.0,5768.682,0.1,17305.746,215.3,Pune,Women,Online
2434,2025-02-11,Metcon 7,Training,M,1.0,3019.25,0.79,3018.46,387.15,Hyderabad,Kids,Online
2435,2024-01-04,Waffle One,Lifestyle,XL,1.0,5853.58,0.0,5853.58,2378.82,Kolkata,Kids,Retail
2439,2025-03-03,Blazer Mid,Lifestyle,L,1.0,3239.59,0.0,3239.59,3467.1,Bengaluru,Men,Retail
2442,2025-01-26,Tiempo Legend,Soccer,L,1.0,5768.682,0.04,5768.642,3083.26,Mumbai,Men,Online
2443,2025-03-15,LeBron 20,Basketball,M,1.0,6271.66,0.0,6271.66,2449.43,Mumbai,Women,Retail
2447,2024-04-05,Waffle One,Lifestyle,XL,1.0,6112.424782608695,0.0,6112.424782608695,1291.8,Kolkata,Kids,Online
2451,2023-04-11,Premier III,Soccer,Unknown,2.0,6198.562173913043,0.54,12396.044347826086,2233.57,Mumbai,Kids,Online
2454,2025-02-25,Tiempo Legend,Soccer,XL,1.0,5768.682,0.19,5768.492,3100.44,Bengaluru,Women,Online
2460,2024-04-11,Zoom Freak,Basketball,XL,2.0,5482.96,0.35,10965.22,-823.8,Kolkata,Women,Online
2037,2024-10-04,React Infinity,Running,XL,1.0,6562.255999999999,0.0,6562.255999999999,438.39,Delhi,Women,Online
2466,2025-07-05,Mercurial Superfly,Soccer,Unknown,1.0,6569.65,0.0,6569.65,3056.38,Pune,Women,Retail
2467,2023-05-11,SuperRep Go,Training,M,1.0,8484.82,0.0,8484.82,1899.54,Mumbai,Kids,Online
2472,2025-04-05,LeBron 20,Basketball,L,1.0,2255.65,0.0,2255.65,560.7,Mumbai,Men,Online
2474,2024-12-21,Metcon 7,Training,M,1.0,6091.2242857142855,0.0,6091.2242857142855,115.11,Delhi,Kids,Retail
2475,2025-07-01,Free RN,Running,L,2.0,5418.565,1.06,10835.009999999998,3885.97,Bengaluru,Men,Online
2482,2024-09-14,Air Force 1,Lifestyle,XL,1.0,6773.485862068966,0.0,6773.485862068966,2642.8,Mumbai,Men,Online
2483,2025-05-17,Free RN,Running,Unknown,1.0,5418.565,0.0,5418.565,856.75,Delhi,Kids,Retail
2491,2025-05-28,Phantom GT,Soccer,M,1.0,8998.44,0.0,8998.44,-432.44,Bengaluru,Kids,Online
2493,2024-11-26,Premier III,Soccer,Unknown,3.0,6042.94,0.0,18128.82,1659.75,Kolkata,Women,Retail
2495,2025-01-20,LeBron 20,Basketball,Unknown,3.0,6663.402173913043,1.11,19986.87652173913,36.16,Bengaluru,Kids,Retail
2496,2024-12-24,React Infinity,Running,M,2.0,4110.72,0.32,8220.800000000001,3894.95,Bengaluru,Kids,Retail
2499,2024-07-06,Premier III,Soccer,L,1.0,8347.87,0.0,8347.87,1488.3,Hyderbad,Women,Retail
2500,2025-07-06,Pegasus Turbo,Running,Unknown,1.0,6310.468125,0.99,6309.478125000001,3100.16,Bengaluru,Kids,Online
2509,2024-11-23,React Infinity,Running,L,1.0,6562.255999999999,0.0,6562.255999999999,1086.09,Bengaluru,Men,Online
2511,2025-02-13,Pegasus Turbo,Running,Unknown,1.0,6310.25,0.1,6310.15,2399.42,Bengaluru,Men,Online
2513,2024-10-11,Zoom Freak,Basketball,XL,4.0,9848.8,0.0,39395.2,2764.66,Pune,Women,Online
2514,2025-05-26,Air Jordan,Basketball,M,1.0,5357.1505,0.0,5357.1505,1790.41,Bengaluru,Kids,Online
2518,2024-03-07,Air Jordan,Basketball,L,1.0,5357.1505,1.03,5356.1205,-703.61,Delhi,Women,Retail
2519,2024-10-11,React Infinity,Running,L,1.0,9701.72,0.0,9701.72,-835.82,Hyderabad,Women,Online
2526,2024-01-08,Waffle One,Lifestyle,10,1.0,6112.424782608695,0.0,6112.424782608695,3188.07,Hyderabad,Kids,Retail
2530,2025-02-27,Dunk Low,Lifestyle,M,2.0,4357.79,0.0,8715.58,3936.13,Mumbai,Women,Retail
2532,2025-04-17,Tiempo Legend,Soccer,L,1.0,5768.682,0.0,5768.682,72.78,Bengaluru,Men,Retail
2535,2025-01-25,Tiempo Legend,Soccer,XL,2.0,2786.84,0.21,5573.26,3345.36,Mumbai,Men,Online
2537,2025-05-30,Waffle One,Lifestyle,M,1.0,6112.424782608695,0.0,6112.424782608695,2596.8,Bengaluru,Women,Retail
2538,2024-10-06,Waffle One,Lifestyle,Unknown,2.0,9701.24,0.0,19402.48,223.82,Kolkata,Men,Retail
2539,2025-02-26,Free RN,Running,L,1.0,5418.565,0.0,5418.565,3748.73,Bengaluru,Women,Online
2540,2025-09-01,Air Force 1,Lifestyle,L,1.0,8794.64,0.0,8794.64,-938.07,Mumbai,Women,Online
2545,2025-04-26,Metcon 7,Training,L,1.0,6091.2242857142855,0.0,6091.2242857142855,924.07,Bengaluru,Men,Retail
2548,2025-04-23,Pegasus Turbo,Running,L,1.0,9557.0,0.0,9557.0,3847.47,Delhi,Kids,Online
2550,2023-08-09,Premier III,Soccer,XL,1.0,6121.21,0.05,6121.16,2470.08,Kolkata,Men,Online
2554,2025-01-13,Flex Trainer,Training,M,1.0,6755.56,0.0,6755.56,1002.19,Bengaluru,Women,Retail
2559,2025-02-10,Air Force 1,Lifestyle,7,3.0,6011.84,0.0,18035.52,-99.73,Kolkata,Men,Online
2560,2025-01-16,Zoom Freak,Basketball,M,2.0,6700.074210526316,0.0,13400.148421052632,3493.16,Delhi,Kids,Retail
2564,2023-07-08,LeBron 20,Basketball,M,1.0,6663.402173913043,0.72,6662.682173913043,1279.03,Delhi,Women,Online
2029,2024-12-16,React Infinity,Running,Unknown,1.0,7518.66,0.0,7518.66,2543.37,Kolkata,Women,Retail
2567,2024-09-15,Air Zoom,Running,M,3.0,5991.58,0.0,17974.739999999998,1162.3,Pune,Women,Online
2574,2024-09-19,Tiempo Legend,Soccer,Unknown,1.0,3502.97,0.0,3502.97,-542.87,Delhi,Women,Retail
2575,2025-07-03,Metcon 7,Training,XL,2.0,3582.67,0.0,7165.34,1982.16,Hyderbad,Men,Online
2576,2025-01-04,Pegasus Turbo,Running,10,1.0,9134.77,0.0,9134.77,-427.11,Pune,Kids,Online
2578,2025-05-10,Blazer Mid,Lifestyle,9,2.0,6815.108181818182,0.0,13630.216363636364,3550.0,Bengaluru,Men,Retail
2583,2024-09-03,Tiempo Legend,Soccer,M,1.0,5768.682,0.0,5768.682,3051.16,Mumbai,Men,Retail
2586,2024-11-24,Air Zoom,Running,L,1.0,5991.58,0.99,5990.59,1146.73,Mumbai,Men,Online
2593,2025-01-04,Dunk Low,Lifestyle,L,1.0,8747.18,0.0,8747.18,2505.6,Mumbai,Men,Retail
2597,2024-12-05,Air Zoom,Running,Unknown,3.0,3348.83,0.0,10046.49,-540.08,Bengaluru,Kids,Online
2598,2024-12-06,Metcon 7,Training,8,1.0,9488.84,0.0,9488.84,3505.24,Bengaluru,Women,Retail
2605,2025-01-02,Dunk Low,Lifestyle,Unknown,1.0,7206.45,0.0,7206.45,-228.84,Bengaluru,Kids,Online
2606,2025-06-04,Air Force 1,Lifestyle,L,1.0,4040.65,0.0,4040.65,805.92,Mumbai,Women,Retail
2609,2025-04-26,Premier III,Soccer,M,1.0,9649.28,0.0,9649.28,2712.88,Bengaluru,Kids,Online
2610,2025-06-05,Blazer Mid,Lifestyle,M,1.0,8359.07,0.0,8359.07,167.72,Bengaluru,Women,Online
2616,2024-07-06,Waffle One,Lifestyle,XL,1.0,6112.424782608695,0.2,6112.224782608695,2788.41,Kolkata,Men,Online
2618,2025-06-23,Dunk Low,Lifestyle,XL,1.0,5884.702903225807,0.0,5884.702903225807,3718.11,Pune,Kids,Retail
2625,2025-05-02,Flex Trainer,Training,M,1.0,6815.44,0.0,6815.44,3874.57,Pune,Kids,Online
2626,2025-04-21,Air Zoom,Running,7,1.0,5550.99,0.0,5550.99,-757.9,Bengaluru,Men,Retail
2629,2024-10-23,Waffle One,Lifestyle,XL,1.0,6112.424782608695,0.0,6112.424782608695,1198.75,Bengaluru,Kids,Retail
2632,2024-10-03,Pegasus Turbo,Running,L,1.0,7504.2,0.99,7503.21,2413.42,Pune,Men,Online
2641,2024-11-27,React Infinity,Running,Unknown,1.0,2890.77,0.0,2890.77,1709.06,Bengaluru,Men,Online
2643,2025-04-17,Mercurial Superfly,Soccer,Unknown,1.0,5775.984,0.0,5775.984,2715.31,Mumbai,Men,Retail
2648,2025-06-03,React Infinity,Running,L,1.0,3477.49,0.54,3476.95,3487.39,Delhi,Men,Retail
2657,2025-04-07,Air Zoom,Running,M,4.0,5991.58,0.0,23966.32,494.45,Delhi,Kids,Online
2667,2025-03-23,Air Force 1,Lifestyle,XL,3.0,9367.66,0.0,28102.98,-623.95,Delhi,Women,Online
2668,2024-12-20,ZoomX Invincible,Training,M,1.0,6396.086666666667,0.45,6395.636666666667,3138.32,Bengaluru,Women,Retail
2672,2024-08-04,Air Force 1,Lifestyle,XL,2.0,6773.485862068966,0.0,13546.971724137931,67.58,Mumbai,Women,Online
2674,2025-01-25,Waffle One,Lifestyle,7,1.0,4784.45,0.0,4784.45,3357.12,Pune,Women,Online
2676,2025-05-13,Air Zoom,Running,10,1.0,5991.58,0.0,5991.58,3932.36,Delhi,Men,Online
2679,2024-05-07,Flex Trainer,Training,M,1.0,2758.08,0.04,2758.04,2447.58,Bengaluru,Men,Online
2685,2025-05-22,Dunk Low,Lifestyle,M,4.0,5884.702903225807,0.0,23538.811612903228,1377.72,Hyderabad,Kids,Retail
2686,2025-07-03,Blazer Mid,Lifestyle,L,1.0,9585.39,1.03,9584.359999999999,761.26,Hyderabad,Women,Retail
2031,2024-12-07,Phantom GT,Soccer,L,1.0,5798.905416666667,0.0,5798.905416666667,3119.37,Mumbai,Women,Online
2689,2025-01-28,LeBron 20,Basketball,Unknown,1.0,5260.17,0.0,5260.17,1402.81,Mumbai,Women,Retail
2690,2024-11-21,Metcon 7,Training,6,1.0,6091.2242857142855,0.0,6091.2242857142855,1125.71,Mumbai,Kids,Online
2692,2024-02-06,Metcon 7,Training,XL,1.0,6091.2242857142855,0.47,6090.754285714285,2528.27,Bengaluru,Women,Online
2693,2025-05-11,ZoomX Invincible,Training,10,1.0,6396.086666666667,0.0,6396.086666666667,262.12,Bengaluru,Kids,Online
2694,2024-07-25,Metcon 7,Training,M,1.0,6091.2242857142855,0.0,6091.2242857142855,-249.45,Hyderbad,Women,Online
2696,2024-11-22,Blazer Mid,Lifestyle,L,1.0,6815.108181818182,1.0,6814.108181818182,66.43,Mumbai,Women,Online
2697,2025-06-25,Air Jordan,Basketball,M,1.0,5357.1505,0.09,5357.0605,681.86,Delhi,Men,Online
2701,2024-11-29,SuperRep Go,Training,XL,1.0,5705.89380952381,0.0,5705.89380952381,2007.01,Delhi,Men,Online
2705,2024-07-01,Pegasus Turbo,Running,Unknown,1.0,6310.468125,0.0,6310.468125,-37.88,Pune,Men,Retail
2708,2024-10-14,Kyrie Flytrap,Basketball,L,1.0,4523.72,0.0,4523.72,-237.9,Hyderbad,Kids,Online
2709,2025-03-08,Free RN,Running,10,1.0,6302.98,0.48,6302.5,2835.93,Delhi,Kids,Retail
2712,2024-07-22,Pegasus Turbo,Running,XL,1.0,6310.468125,0.0,6310.468125,3024.11,Delhi,Women,Retail
2713,2025-05-10,Air Force 1,Lifestyle,L,1.0,7877.36,0.55,7876.8099999999995,3663.49,Kolkata,Men,Retail
2723,2025-03-10,Dunk Low,Lifestyle,XL,1.0,3403.54,0.0,3403.54,221.41,Kolkata,Women,Online
2726,2024-08-19,Flex Trainer,Training,Unknown,1.0,6230.998695652174,0.48,6230.518695652175,1392.27,Pune,Women,Retail
2729,2025-04-29,Flex Trainer,Training,Unknown,1.0,6383.55,0.0,6383.55,2079.06,Delhi,Kids,Retail
2734,2025-07-10,Tiempo Legend,Soccer,Unknown,1.0,5768.682,0.0,5768.682,1229.08,Bengaluru,Women,Online
2735,2024-08-05,Free RN,Running,XL,1.0,5418.565,0.0,5418.565,928.63,Kolkata,Kids,Online
2737,2024-09-10,Kyrie Flytrap,Basketball,XL,1.0,5486.323846153847,0.0,5486.323846153847,144.37,Mumbai,Kids,Retail
2738,2025-11-05,ZoomX Invincible,Training,M,3.0,6396.086666666667,0.39,19187.09,-712.53,Pune,Women,Retail
2739,2025-02-04,Free RN,Running,L,2.0,5418.565,0.26,10836.609999999999,2350.69,Kolkata,Kids,Online
2742,2024-11-14,Blazer Mid,Lifestyle,XL,1.0,7063.25,0.0,7063.25,3746.48,Mumbai,Kids,Online
2003,2025-04-01,ZoomX Invincible,Training,XL,4.0,7850.87,1.02,31399.399999999998,992.14,Kolkata,Women,Online
2745,2024-12-31,Phantom GT,Soccer,XL,1.0,5798.905416666667,0.94,5797.965416666668,501.65,Hyderbad,Men,Retail
2028,2025-03-01,ZoomX Invincible,Training,Unknown,1.0,5474.79,0.0,5474.79,-682.62,Pune,Kids,Online
2751,2025-03-09,Air Jordan,Basketball,XL,1.0,4776.83,0.0,4776.83,2857.99,Delhi,Men,Retail
2753,2024-12-02,Pegasus Turbo,Running,L,1.0,6310.468125,0.0,6310.468125,-364.23,Kolkata,Men,Retail
2754,2025-03-01,ZoomX Invincible,Training,XL,1.0,6396.086666666667,0.0,6396.086666666667,3565.12,Kolkata,Kids,Online
2760,2025-05-28,SuperRep Go,Training,7,1.0,5705.89380952381,0.0,5705.89380952381,1496.19,Mumbai,Men,Online
2763,2024-07-31,Phantom GT,Soccer,10,4.0,3328.58,0.0,13314.32,-763.34,Pune,Women,Online
2764,2025-03-17,Blazer Mid,Lifestyle,Unknown,1.0,7776.94,0.0,7776.94,-532.24,Kolkata,Kids,Retail
2765,2025-06-24,Premier III,Soccer,M,1.0,6370.84,0.0,6370.84,1609.7,Mumbai,Women,Online
2766,2024-12-23,Dunk Low,Lifestyle,Unknown,1.0,2609.07,0.0,2609.07,-265.27,Mumbai,Women,Retail
2767,2025-07-21,Zoom Freak,Basketball,L,1.0,6887.39,0.0,6887.39,1562.76,Delhi,Kids,Online
2768,2025-01-03,LeBron 20,Basketball,Unknown,1.0,6663.402173913043,0.0,6663.402173913043,3525.96,Pune,Men,Online
2050,2025-06-30,LeBron 20,Basketball,Unknown,1.0,8335.48,0.57,8334.91,832.37,Mumbai,Men,Retail
2779,2024-06-12,Kyrie Flytrap,Basketball,Unknown,1.0,5486.323846153847,0.09,5486.233846153847,-187.36,Bengaluru,Kids,Online
2781,2023-03-09,Metcon 7,Training,12,1.0,6546.59,0.68,6545.91,1504.31,Bengaluru,Men,Retail
2784,2025-01-28,Kyrie Flytrap,Basketball,M,1.0,5486.323846153847,0.0,5486.323846153847,2982.03,Pune,Women,Online
2787,2024-08-31,Metcon 7,Training,12,3.0,3440.88,0.0,10322.64,22.93,Pune,Kids,Online
2788,2024-04-01,Mercurial Superfly,Soccer,M,1.0,7478.84,0.0,7478.84,-18.4,Hyderabad,Women,Retail
2796,2023-08-11,Dunk Low,Lifestyle,12,1.0,2849.49,0.0,2849.49,2597.58,Mumbai,Men,Retail
2806,2024-10-02,Kyrie Flytrap,Basketball,7,3.0,4466.78,0.0,13400.34,2407.08,Bengaluru,Kids,Online
2818,2025-05-08,Premier III,Soccer,Unknown,1.0,6198.562173913043,0.0,6198.562173913043,-797.91,Pune,Kids,Retail
2820,2024-08-05,Blazer Mid,Lifestyle,M,4.0,8659.15,0.0,34636.6,2078.39,Mumbai,Women,Online
2824,2024-11-02,Air Jordan,Basketball,L,4.0,5123.35,0.0,20493.4,1620.37,Mumbai,Men,Online
2831,2024-11-10,SuperRep Go,Training,7,4.0,5705.89380952381,0.0,22823.57523809524,3134.87,Mumbai,Women,Online
2833,2025-01-19,Flex Trainer,Training,XL,4.0,2224.9,0.0,8899.6,-16.04,Pune,Women,Online
2834,2024-05-09,Flex Trainer,Training,M,1.0,9544.08,0.0,9544.08,575.58,Kolkata,Kids,Retail
2835,2024-07-10,Air Force 1,Lifestyle,Unknown,1.0,9240.64,0.63,9240.01,1873.76,Pune,Women,Retail
2846,2024-10-29,ZoomX Invincible,Training,L,1.0,2932.99,0.0,2932.99,-543.26,Pune,Kids,Online
2848,2024-08-14,Free RN,Running,8,1.0,9476.8,0.03,9476.769999999999,-350.03,Hyderabad,Kids,Online
2850,2024-10-11,Waffle One,Lifestyle,XL,2.0,6112.424782608695,0.0,12224.84956521739,458.86,Pune,Kids,Retail
2853,2025-02-06,Kyrie Flytrap,Basketball,XL,1.0,5486.323846153847,0.0,5486.323846153847,3841.05,Hyderbad,Women,Retail
2854,2023-07-11,LeBron 20,Basketball,Unknown,1.0,6663.402173913043,0.98,6662.4221739130435,1103.35,Pune,Women,Online
2856,2023-12-10,Kyrie Flytrap,Basketball,M,1.0,5486.323846153847,1.14,5485.183846153846,3137.85,Kolkata,Kids,Online
2860,2025-04-07,Air Force 1,Lifestyle,XL,1.0,7568.04,0.0,7568.04,1365.3,Hyderbad,Kids,Retail
2864,2025-03-23,Tiempo Legend,Soccer,Unknown,1.0,6445.79,0.45,6445.34,1534.89,Bengaluru,Kids,Online
2865,2024-12-16,Phantom GT,Soccer,Unknown,1.0,5798.905416666667,0.71,5798.195416666667,-94.06,Kolkata,Women,Retail
2868,2024-10-23,React Infinity,Running,M,1.0,7379.45,0.0,7379.45,-688.14,Delhi,Women,Retail
2870,2024-10-05,Metcon 7,Training,M,1.0,9633.68,0.0,9633.68,771.96,Delhi,Kids,Retail
2872,2024-08-01,Kyrie Flytrap,Basketball,M,1.0,3953.13,0.0,3953.13,3414.32,Kolkata,Men,Online
2874,2024-04-03,Mercurial Superfly,Soccer,L,1.0,5775.984,0.01,5775.974,-109.71,Delhi,Women,Retail
2875,2024-09-16,Dunk Low,Lifestyle,L,4.0,7401.53,0.0,29606.12,1559.28,Bengaluru,Women,Retail
2876,2024-08-21,Waffle One,Lifestyle,Unknown,1.0,6112.424782608695,0.0,6112.424782608695,-94.98,Hyderabad,Kids,Retail
2877,2024-08-12,Kyrie Flytrap,Basketball,Unknown,1.0,5486.323846153847,0.0,5486.323846153847,3327.04,Kolkata,Women,Retail
2888,2025-06-24,Air Zoom,Running,L,1.0,8956.73,1.17,8955.56,2320.49,Pune,Kids,Online
2889,2024-09-01,Zoom Freak,Basketball,M,1.0,6700.074210526316,1.23,6698.844210526317,2447.88,Hyderabad,Women,Online
2893,2025-01-04,React Infinity,Running,10,1.0,6562.255999999999,0.61,6561.646,780.43,Delhi,Women,Retail
2894,2024-11-20,Air Force 1,Lifestyle,L,1.0,6773.485862068966,0.0,6773.485862068966,1796.17,Hyderbad,Women,Retail
2895,2024-08-03,React Infinity,Running,Unknown,3.0,6562.255999999999,0.0,19686.767999999996,677.85,Pune,Kids,Online
2902,2025-05-13,Kyrie Flytrap,Basketball,10,1.0,8138.68,0.0,8138.68,2604.35,Kolkata,Kids,Retail
2903,2024-09-05,Phantom GT,Soccer,M,1.0,2735.54,0.0,2735.54,2944.26,Delhi,Men,Retail
2905,2025-07-15,React Infinity,Running,M,1.0,5762.39,0.0,5762.39,-584.1,Hyderbad,Men,Retail
2910,2025-04-15,Flex Trainer,Training,9,1.0,6230.998695652174,0.49,6230.5086956521745,1818.49,Bengaluru,Kids,Retail
2912,2024-07-03,React Infinity,Running,XL,2.0,9839.63,0.98,19677.3,1218.22,Bengaluru,Kids,Online
2914,2025-03-25,Tiempo Legend,Soccer,L,1.0,7603.38,1.25,7602.13,-950.86,Mumbai,Men,Online
2916,2024-05-08,Blazer Mid,Lifestyle,XL,1.0,6815.108181818182,0.0,6815.108181818182,-1121.25,Hyderabad,Kids,Retail
2917,2024-12-21,Phantom GT,Soccer,Unknown,1.0,3204.72,0.0,3204.72,1916.14,Bengaluru,Men,Retail
2918,2024-11-07,SuperRep Go,Training,M,1.0,5705.89380952381,0.0,5705.89380952381,1398.13,Mumbai,Men,Retail
2919,2025-04-01,Premier III,Soccer,M,1.0,7323.53,0.0,7323.53,488.37,Bengaluru,Men,Retail
2026,2024-10-01,Premier III,Soccer,Unknown,1.0,6198.562173913043,0.0,6198.562173913043,111.21,Mumbai,Women,Retail
2929,2024-01-04,Tiempo Legend,Soccer,M,1.0,6589.95,0.0,6589.95,157.26,Hyderabad,Kids,Retail
2930,2024-12-20,Air Jordan,Basketball,L,1.0,5357.1505,0.57,5356.5805,819.42,Bengaluru,Women,Retail
2940,2025-05-06,Premier III,Soccer,L,1.0,8412.43,0.0,8412.43,-344.67,Hyderabad,Women,Retail
2941,2025-02-05,Blazer Mid,Lifestyle,XL,1.0,9331.65,0.0,9331.65,492.35,Kolkata,Men,Retail
2942,2025-04-16,Flex Trainer,Training,10,4.0,5222.39,0.57,20887.280000000002,-68.53,Bengaluru,Women,Online
2943,2024-10-09,SuperRep Go,Training,7,1.0,3390.0,0.0,3390.0,-429.78,Mumbai,Women,Retail
2944,2024-10-06,ZoomX Invincible,Training,Unknown,1.0,9738.93,0.0,9738.93,261.36,Pune,Women,Retail
2947,2024-12-04,Blazer Mid,Lifestyle,XL,1.0,4113.48,0.38,4113.099999999999,1604.63,Mumbai,Women,Online
2949,2025-05-07,React Infinity,Running,M,1.0,6562.255999999999,0.49,6561.766,698.79,Delhi,Men,Online
2955,2024-07-30,LeBron 20,Basketball,XL,1.0,9846.09,0.12,9845.97,2250.93,Kolkata,Kids,Retail
2958,2025-05-07,Blazer Mid,Lifestyle,Unknown,4.0,7898.87,0.0,31595.48,1097.55,Mumbai,Women,Online
2971,2024-11-10,Dunk Low,Lifestyle,Unknown,1.0,9330.31,0.0,9330.31,-610.6,Pune,Women,Online
2972,2024-10-05,Phantom GT,Soccer,M,1.0,5798.905416666667,0.0,5798.905416666667,1995.69,Kolkata,Women,Online
2975,2024-11-10,Mercurial Superfly,Soccer,10,1.0,5037.43,0.0,5037.43,3279.17,Delhi,Kids,Online
2976,2024-08-08,Pegasus Turbo,Running,Unknown,1.0,6703.48,0.0,6703.48,2966.44,Hyderbad,Men,Retail
2978,2025-04-14,Air Zoom,Running,Unknown,1.0,5991.58,1.17,5990.41,-581.26,Kolkata,Women,Retail
2981,2025-10-01,Premier III,Soccer,M,4.0,5185.52,0.0,20742.08,2777.67,Pune,Kids,Retail
2982,2025-06-07,Dunk Low,Lifestyle,L,1.0,5884.702903225807,0.54,5884.162903225807,1541.73,Kolkata,Men,Online
2984,2024-09-06,Phantom GT,Soccer,XL,1.0,4343.12,0.0,4343.12,3073.4,Kolkata,Men,Online
2986,2025-04-10,LeBron 20,Basketball,M,1.0,6877.77,0.09,6877.68,2303.27,Pune,Kids,Online
2990,2024-09-23,Kyrie Flytrap,Basketball,XL,1.0,2601.99,0.0,2601.99,570.47,Bengaluru,Kids,Retail
2994,2024-07-12,Air Force 1,Lifestyle,11,1.0,2932.39,0.98,2931.41,2962.69,Mumbai,Women,Retail
2996,2025-01-07,Air Jordan,Basketball,11,1.0,5357.1505,0.0,5357.1505,3753.82,Pune,Women,Online
3003,2023-03-08,Zoom Freak,Basketball,XL,2.0,6700.074210526316,0.0,13400.148421052632,-646.26,Bengaluru,Men,Online
3007,2025-05-30,Tiempo Legend,Soccer,12,1.0,7680.16,1.23,7678.93,-1076.72,Bengaluru,Women,Online
3010,2025-05-05,Tiempo Legend,Soccer,Unknown,1.0,5768.682,0.0,5768.682,-311.32,Pune,Women,Online
3022,2025-05-14,ZoomX Invincible,Training,L,1.0,4318.48,0.0,4318.48,271.37,Delhi,Kids,Online
3024,2024-12-07,Free RN,Running,Unknown,1.0,5418.565,1.04,5417.525,-687.3,Mumbai,Kids,Online
3025,2024-08-25,Blazer Mid,Lifestyle,L,4.0,6815.108181818182,0.0,27260.432727272728,3005.88,Hyderbad,Kids,Retail
3030,2023-08-08,Mercurial Superfly,Soccer,Unknown,3.0,6969.28,0.58,20906.1,98.19,Kolkata,Men,Online
3031,2023-11-10,Premier III,Soccer,M,4.0,8588.14,0.0,34352.56,-117.68,Kolkata,Kids,Online
3036,2024-10-15,Dunk Low,Lifestyle,11,2.0,2879.09,0.0,5758.18,1129.11,Hyderbad,Kids,Retail
3040,2024-12-08,Waffle One,Lifestyle,XL,1.0,6112.424782608695,0.0,6112.424782608695,3833.04,Hyderabad,Women,Online
3041,2025-01-03,Waffle One,Lifestyle,9,1.0,4884.55,0.0,4884.55,-1182.29,Bengaluru,Kids,Online
3043,2025-04-11,React Infinity,Running,L,2.0,6562.255999999999,0.0,13124.511999999999,147.79,Delhi,Men,Retail
3046,2025-05-26,Air Jordan,Basketball,11,1.0,4597.23,0.0,4597.23,3277.67,Bengaluru,Men,Online
3052,2025-03-03,React Infinity,Running,M,1.0,9448.34,0.78,9447.56,-871.1,Delhi,Kids,Online
3058,2023-01-08,Phantom GT,Soccer,M,1.0,8048.66,0.0,8048.66,3860.59,Kolkata,Men,Retail
3059,2025-06-19,React Infinity,Running,L,3.0,6562.255999999999,1.0,19683.767999999996,3692.43,Hyderabad,Women,Online
3064,2024-11-01,Tiempo Legend,Soccer,Unknown,1.0,6041.3,0.0,6041.3,-1048.54,Pune,Men,Retail
3066,2024-01-03,ZoomX Invincible,Training,L,1.0,6396.086666666667,0.0,6396.086666666667,1383.01,Mumbai,Kids,Online
3067,2024-05-03,Blazer Mid,Lifestyle,9,4.0,6815.108181818182,0.0,27260.432727272728,1939.56,Hyderbad,Men,Retail
3079,2024-10-01,React Infinity,Running,L,1.0,6562.255999999999,0.0,6562.255999999999,2815.43,Bengaluru,Women,Retail
3081,2025-02-10,Flex Trainer,Training,6,1.0,8442.39,0.0,8442.39,3126.66,Mumbai,Kids,Retail
3082,2024-08-11,Metcon 7,Training,L,1.0,6091.2242857142855,0.0,6091.2242857142855,-65.96,Delhi,Men,Online
3083,2024-08-29,ZoomX Invincible,Training,XL,1.0,8535.31,0.0,8535.31,1159.57,Delhi,Kids,Retail
3089,2025-05-31,Zoom Freak,Basketball,XL,1.0,8399.35,0.0,8399.35,2967.22,Mumbai,Women,Online
3090,2023-11-12,LeBron 20,Basketball,Unknown,1.0,8187.65,1.01,8186.639999999999,196.88,Pune,Women,Retail
3094,2024-11-07,Zoom Freak,Basketball,Unknown,1.0,4731.54,0.0,4731.54,3485.33,Delhi,Men,Online
3099,2024-10-21,Waffle One,Lifestyle,L,1.0,8462.09,0.08,8462.01,1720.4,Mumbai,Women,Online
3100,2025-06-30,ZoomX Invincible,Training,7,4.0,6396.086666666667,0.97,25580.466666666667,1861.15,Mumbai,Women,Retail
3103,2025-01-06,Blazer Mid,Lifestyle,Unknown,2.0,6815.108181818182,0.0,13630.216363636364,1567.18,Mumbai,Kids,Online
3106,2025-09-03,Pegasus Turbo,Running,Unknown,1.0,6310.468125,0.0,6310.468125,3276.53,Bengaluru,Men,Online
3110,2024-10-13,React Infinity,Running,L,1.0,8431.55,0.0,8431.55,3977.41,Mumbai,Men,Retail
3119,2023-12-08,Air Force 1,Lifestyle,Unknown,1.0,6773.485862068966,0.0,6773.485862068966,3995.49,Hyderbad,Kids,Online
3121,2025-06-03,Flex Trainer,Training,8,1.0,2514.0,0.69,2513.31,1345.4,Kolkata,Kids,Online
3125,2025-03-10,Phantom GT,Soccer,XL,2.0,5798.905416666667,0.7,11596.410833333335,1561.59,Bengaluru,Kids,Online
3126,2024-10-06,React Infinity,Running,Unknown,1.0,6562.255999999999,0.0,6562.255999999999,2772.69,Bengaluru,Kids,Online
3127,2024-07-10,ZoomX Invincible,Training,XL,1.0,4614.33,0.47,4613.86,-440.44,Pune,Men,Online
3131,2025-05-27,SuperRep Go,Training,10,1.0,5171.44,0.33,5171.11,634.64,Pune,Kids,Online
3134,2025-05-14,Air Jordan,Basketball,L,1.0,5357.1505,0.19,5356.9605,31.3,Delhi,Men,Retail
3137,2025-08-07,Premier III,Soccer,Unknown,1.0,7176.21,0.0,7176.21,659.4,Bengaluru,Kids,Online
3143,2024-08-23,Flex Trainer,Training,7,3.0,3938.59,0.98,11812.83,635.39,Mumbai,Men,Online
3144,2023-11-09,Free RN,Running,7,1.0,8613.08,0.0,8613.08,-1049.73,Hyderbad,Women,Retail
3145,2025-02-02,Air Jordan,Basketball,9,1.0,3427.03,0.37,3426.6600000000003,2527.96,Pune,Women,Retail
3153,2024-09-17,SuperRep Go,Training,Unknown,1.0,3693.3,0.0,3693.3,1480.99,Bengaluru,Women,Online
3166,2024-11-03,Premier III,Soccer,Unknown,1.0,6198.562173913043,0.0,6198.562173913043,-209.36,Hyderabad,Men,Online
3168,2025-02-28,Air Force 1,Lifestyle,7,2.0,6125.15,0.0,12250.3,61.83,Delhi,Women,Retail
3169,2024-10-10,Blazer Mid,Lifestyle,M,1.0,6815.108181818182,1.15,6813.958181818182,-744.54,Delhi,Men,Retail
3170,2025-05-15,Flex Trainer,Training,L,1.0,6230.998695652174,0.0,6230.998695652174,-367.73,Pune,Men,Online
3175,2024-12-09,Dunk Low,Lifestyle,10,1.0,6583.76,0.71,6583.05,2194.69,Mumbai,Women,Retail
3176,2025-01-20,Blazer Mid,Lifestyle,Unknown,1.0,9352.62,0.97,9351.650000000001,903.31,Bengaluru,Men,Retail
3178,2024-09-19,SuperRep Go,Training,11,1.0,5705.89380952381,0.0,5705.89380952381,-271.03,Delhi,Women,Retail
3189,2025-02-08,LeBron 20,Basketball,L,3.0,6730.48,0.33,20190.449999999997,1456.87,Kolkata,Men,Online
3204,2024-09-12,Phantom GT,Soccer,Unknown,1.0,5798.905416666667,0.18,5798.725416666667,3367.72,Kolkata,Men,Online
2002,2024-11-12,Dunk Low,Lifestyle,7,1.0,5884.702903225807,0.24,5884.462903225807,912.61,Delhi,Women,Online
3211,2024-08-02,Blazer Mid,Lifestyle,L,1.0,8346.17,0.82,8345.35,1368.59,Kolkata,Women,Retail
3212,2024-05-10,Mercurial Superfly,Soccer,M,4.0,7670.57,0.0,30682.28,2025.11,Kolkata,Kids,Retail
3217,2025-02-15,Tiempo Legend,Soccer,6,1.0,4819.75,0.22,4819.53,-514.9,Pune,Men,Retail
3219,2025-03-17,Air Jordan,Basketball,XL,1.0,2277.83,1.04,2276.79,1151.76,Delhi,Women,Online
3222,2024-08-10,Air Jordan,Basketball,XL,1.0,5300.32,0.0,5300.32,2593.48,Bengaluru,Kids,Online
3224,2025-03-18,Phantom GT,Soccer,Unknown,1.0,9872.38,0.18,9872.199999999999,233.85,Pune,Women,Retail
3226,2025-02-12,Mercurial Superfly,Soccer,Unknown,2.0,4585.77,0.0,9171.54,-241.59,Pune,Men,Retail
3229,2024-08-19,Free RN,Running,Unknown,1.0,5418.565,1.0,5417.565,188.96,Pune,Kids,Retail
3231,2024-12-17,Dunk Low,Lifestyle,L,1.0,6406.53,0.9,6405.63,2859.55,Kolkata,Men,Online
3234,2025-05-14,Phantom GT,Soccer,XL,1.0,5798.905416666667,0.0,5798.905416666667,327.76,Delhi,Kids,Online
3236,2025-07-21,Blazer Mid,Lifestyle,Unknown,4.0,6815.108181818182,0.68,27257.712727272727,-37.37,Hyderbad,Kids,Retail
3242,2024-08-24,LeBron 20,Basketball,L,1.0,9677.18,0.59,9676.59,609.45,Bengaluru,Men,Retail
3249,2025-02-25,Blazer Mid,Lifestyle,M,1.0,4738.25,0.0,4738.25,731.1,Bengaluru,Kids,Online
3250,2024-09-18,Air Force 1,Lifestyle,L,1.0,6773.485862068966,0.0,6773.485862068966,1172.07,Pune,Women,Online
3254,2024-11-04,Mercurial Superfly,Soccer,Unknown,1.0,5775.984,0.51,5775.474,3035.41,Mumbai,Women,Retail
3268,2025-11-07,Mercurial Superfly,Soccer,L,1.0,5775.984,0.0,5775.984,1586.4,Mumbai,Men,Retail
3269,2024-03-12,Mercurial Superfly,Soccer,M,1.0,7268.31,0.0,7268.31,-719.57,Mumbai,Women,Online
3270,2025-03-06,Dunk Low,Lifestyle,XL,1.0,5884.702903225807,0.0,5884.702903225807,3619.8,Pune,Kids,Online
3273,2024-04-02,Phantom GT,Soccer,M,1.0,5527.7,0.17,5527.53,2577.59,Bengaluru,Women,Online
3275,2025-05-27,Premier III,Soccer,L,4.0,6198.562173913043,0.0,24794.24869565217,1652.12,Hyderabad,Women,Retail
3277,2024-09-05,SuperRep Go,Training,Unknown,4.0,5705.89380952381,0.0,22823.57523809524,293.59,Bengaluru,Men,Online
3278,2025-01-06,Dunk Low,Lifestyle,L,1.0,5884.702903225807,0.0,5884.702903225807,107.83,Pune,Kids,Retail
3279,2024-11-09,Mercurial Superfly,Soccer,XL,4.0,2572.41,0.1,10289.24,3098.28,Delhi,Kids,Retail
3280,2024-12-10,SuperRep Go,Training,XL,1.0,7709.7,0.0,7709.7,663.54,Mumbai,Kids,Online
3288,2024-07-25,Dunk Low,Lifestyle,10,4.0,5884.702903225807,0.0,23538.811612903228,3852.98,Delhi,Kids,Retail
3289,2024-09-13,Metcon 7,Training,M,1.0,6091.2242857142855,0.0,6091.2242857142855,-878.7,Pune,Men,Online
3295,2024-12-29,SuperRep Go,Training,10,1.0,2983.6,0.0,2983.6,3650.65,Delhi,Women,Online
3302,2025-05-12,Tiempo Legend,Soccer,M,1.0,6226.74,0.0,6226.74,-316.51,Pune,Women,Retail
3304,2024-11-15,React Infinity,Running,M,1.0,6562.255999999999,0.65,6561.606,2405.3,Mumbai,Women,Online
3306,2024-07-30,LeBron 20,Basketball,L,1.0,6663.402173913043,0.25,6663.152173913043,3052.49,Mumbai,Kids,Retail
3309,2023-12-09,Air Force 1,Lifestyle,Unknown,1.0,5594.08,0.0,5594.08,626.95,Hyderabad,Men,Retail
3318,2025-04-11,Flex Trainer,Training,XL,1.0,6230.998695652174,0.0,6230.998695652174,1096.06,Delhi,Men,Online
3319,2024-09-28,Air Zoom,Running,XL,1.0,6109.1,0.37,6108.7300000000005,-846.73,Mumbai,Women,Retail
3320,2024-09-12,Air Jordan,Basketball,Unknown,1.0,8046.47,0.05,8046.42,-274.91,Kolkata,Kids,Online
3321,2025-01-15,Tiempo Legend,Soccer,M,4.0,4986.67,1.07,19942.4,3170.16,Mumbai,Kids,Retail
3323,2024-01-01,Air Zoom,Running,Unknown,1.0,8130.74,0.07,8130.67,-687.56,Delhi,Men,Retail
3325,2024-11-06,LeBron 20,Basketball,L,1.0,6663.402173913043,0.0,6663.402173913043,1115.7,Hyderabad,Kids,Online
3326,2025-05-30,SuperRep Go,Training,M,1.0,5705.89380952381,0.88,5705.01380952381,991.04,Mumbai,Men,Online
3337,2024-10-10,ZoomX Invincible,Training,L,4.0,6396.086666666667,0.0,25584.346666666668,2915.13,Delhi,Men,Online
3339,2025-05-15,Air Force 1,Lifestyle,Unknown,1.0,6656.01,0.0,6656.01,2014.52,Delhi,Men,Retail
3340,2024-12-29,Premier III,Soccer,M,3.0,3248.74,0.0,9746.22,2551.47,Mumbai,Kids,Retail
2037,2025-11-04,Dunk Low,Lifestyle,12,4.0,5884.702903225807,1.23,23533.89161290323,3651.05,Delhi,Women,Online
3344,2025-06-24,Mercurial Superfly,Soccer,12,1.0,8217.37,1.06,8216.310000000001,303.77,Hyderbad,Kids,Retail
3348,2024-09-26,Mercurial Superfly,Soccer,9,1.0,2114.86,0.0,2114.86,2636.76,Hyderabad,Women,Online
3350,2025-05-28,Zoom Freak,Basketball,L,1.0,6700.074210526316,0.48,6699.594210526317,2199.43,Bengaluru,Women,Online
3352,2025-03-01,SuperRep Go,Training,9,1.0,6622.41,0.23,6622.18,1437.43,Pune,Women,Retail
3356,2025-03-13,Tiempo Legend,Soccer,M,4.0,5768.682,0.0,23074.728,724.11,Mumbai,Women,Online
3357,2025-04-05,Flex Trainer,Training,M,4.0,6206.45,0.5,24823.8,678.42,Delhi,Kids,Online
3358,2024-01-08,Kyrie Flytrap,Basketball,M,1.0,5486.323846153847,0.43,5485.893846153846,2019.56,Hyderabad,Men,Online
3362,2024-10-03,Air Force 1,Lifestyle,L,1.0,6773.485862068966,0.0,6773.485862068966,2730.12,Delhi,Men,Retail
3366,2024-12-15,LeBron 20,Basketball,M,1.0,6663.402173913043,0.0,6663.402173913043,2762.68,Pune,Men,Retail
2029,2024-11-20,Metcon 7,Training,L,1.0,6548.87,0.2,6548.67,3640.6,Kolkata,Kids,Online
3370,2025-07-05,Air Jordan,Basketball,XL,1.0,3328.45,0.0,3328.45,-1137.54,Bengaluru,Women,Retail
3384,2025-07-22,Air Jordan,Basketball,10,1.0,5357.1505,0.27,5356.880499999999,144.65,Bengaluru,Women,Retail
3386,2024-10-16,Phantom GT,Soccer,8,1.0,9212.82,1.09,9211.73,3827.83,Hyderabad,Women,Retail
3389,2025-04-04,Air Zoom,Running,M,3.0,9764.91,0.0,29294.73,3491.49,Mumbai,Women,Online
3393,2025-06-08,Air Jordan,Basketball,M,1.0,5357.1505,0.68,5356.470499999999,1329.32,Bengaluru,Kids,Online
3394,2024-11-03,Dunk Low,Lifestyle,XL,1.0,5884.702903225807,0.0,5884.702903225807,2396.11,Hyderbad,Kids,Online
3395,2025-01-15,Free RN,Running,L,3.0,5418.565,0.0,16255.695,3069.77,Mumbai,Women,Online
3408,2025-02-28,Air Jordan,Basketball,XL,1.0,5357.1505,0.0,5357.1505,1675.58,Delhi,Men,Retail
3414,2025-01-21,Dunk Low,Lifestyle,7,4.0,9996.22,0.0,39984.88,520.63,Mumbai,Men,Online
3415,2024-06-03,Air Jordan,Basketball,L,1.0,6165.08,0.0,6165.08,-426.97,Hyderabad,Kids,Online
3425,2024-07-25,Dunk Low,Lifestyle,Unknown,1.0,2276.09,0.0,2276.09,2342.64,Kolkata,Women,Online
3436,2025-11-06,Mercurial Superfly,Soccer,L,1.0,5775.984,0.0,5775.984,2107.65,Bengaluru,Kids,Retail
3437,2024-10-05,Tiempo Legend,Soccer,M,1.0,5768.682,0.0,5768.682,-113.52,Mumbai,Kids,Retail
2043,2025-03-07,React Infinity,Running,6,1.0,5395.6,0.06,5395.54,2992.96,Delhi,Kids,Online
3444,2025-07-04,LeBron 20,Basketball,L,1.0,6663.402173913043,0.0,6663.402173913043,-382.31,Kolkata,Men,Online
3447,2025-05-14,LeBron 20,Basketball,M,1.0,6663.402173913043,0.0,6663.402173913043,1860.15,Hyderabad,Women,Retail
3451,2025-07-05,SuperRep Go,Training,7,1.0,5705.89380952381,0.0,5705.89380952381,720.76,Mumbai,Men,Retail
3457,2025-02-24,Flex Trainer,Training,11,1.0,6230.998695652174,0.81,6230.188695652174,3777.72,Pune,Women,Online
3458,2025-01-22,Pegasus Turbo,Running,Unknown,1.0,6310.468125,0.83,6309.638125,257.87,Mumbai,Women,Online
3459,2025-03-27,Blazer Mid,Lifestyle,Unknown,1.0,6100.23,0.0,6100.23,2745.91,Hyderabad,Men,Retail
3462,2024-12-21,Kyrie Flytrap,Basketball,Unknown,3.0,2610.98,0.0,7832.9400000000005,274.97,Bengaluru,Women,Retail
3469,2024-10-01,Air Zoom,Running,10,1.0,4590.24,0.0,4590.24,3792.66,Mumbai,Kids,Online
3473,2024-12-05,Premier III,Soccer,M,4.0,3551.05,0.0,14204.2,63.47,Delhi,Kids,Online
3475,2024-07-29,Tiempo Legend,Soccer,L,1.0,2120.44,0.0,2120.44,2996.47,Mumbai,Kids,Online
3479,2024-09-16,ZoomX Invincible,Training,XL,4.0,6396.086666666667,0.0,25584.346666666668,1909.78,Mumbai,Women,Retail
3482,2024-08-19,Mercurial Superfly,Soccer,M,1.0,5775.984,0.0,5775.984,1660.47,Hyderabad,Men,Online
3483,2024-04-12,Air Force 1,Lifestyle,L,4.0,4733.92,0.0,18935.68,738.19,Kolkata,Men,Online
3484,2024-08-18,Dunk Low,Lifestyle,12,1.0,2638.44,0.0,2638.44,1395.41,Bengaluru,Kids,Online
3488,2025-03-12,Tiempo Legend,Soccer,XL,4.0,5768.682,0.0,23074.728,86.25,Kolkata,Women,Online
3489,2025-04-04,React Infinity,Running,8,2.0,6562.255999999999,0.0,13124.511999999999,1734.72,Mumbai,Kids,Online
3491,2024-10-19,Premier III,Soccer,XL,1.0,6198.562173913043,0.39,6198.172173913043,-473.94,Mumbai,Men,Online
2018,2024-11-13,Phantom GT,Soccer,6,1.0,5798.905416666667,0.0,5798.905416666667,-777.58,Bengaluru,Women,Online
3496,2024-10-08,Air Zoom,Running,M,3.0,5991.58,0.77,17972.43,-786.91,Delhi,Men,Retail
3499,2025-03-30,ZoomX Invincible,Training,Unknown,1.0,5864.29,0.0,5864.29,357.03,Kolkata,Women,Retail
3501,2024-11-09,Blazer Mid,Lifestyle,Unknown,1.0,6815.108181818182,1.13,6813.978181818182,2016.85,Mumbai,Men,Retail
3502,2023-09-11,Blazer Mid,Lifestyle,L,1.0,6418.29,0.89,6417.4,3665.75,Delhi,Men,Online
3504,2024-08-18,SuperRep Go,Training,Unknown,1.0,9075.41,0.03,9075.38,3035.95,Delhi,Women,Retail
2020,2025-05-10,Blazer Mid,Lifestyle,XL,1.0,7126.64,0.89,7125.75,535.13,Delhi,Kids,Retail
3508,2024-10-12,ZoomX Invincible,Training,Unknown,1.0,6396.086666666667,0.0,6396.086666666667,3466.92,Bengaluru,Kids,Retail
3514,2024-08-10,React Infinity,Running,7,1.0,6546.46,0.0,6546.46,2804.16,Hyderabad,Kids,Retail
3518,2024-08-14,Air Jordan,Basketball,XL,1.0,5357.1505,0.0,5357.1505,3047.69,Delhi,Women,Retail
3523,2024-09-06,SuperRep Go,Training,6,1.0,7061.5,1.04,7060.46,825.03,Kolkata,Kids,Retail
3524,2024-11-12,SuperRep Go,Training,9,1.0,5705.89380952381,0.0,5705.89380952381,1646.1,Mumbai,Kids,Online
2030,2024-12-18,Air Jordan,Basketball,Unknown,1.0,5357.1505,0.0,5357.1505,2272.16,Hyderbad,Men,Online
3527,2025-06-12,Phantom GT,Soccer,Unknown,3.0,5798.905416666667,0.0,17396.71625,-257.35,Mumbai,Men,Online
3528,2024-08-21,React Infinity,Running,L,1.0,3742.67,0.0,3742.67,2662.77,Hyderbad,Kids,Retail
3529,2025-03-28,SuperRep Go,Training,L,1.0,5705.89380952381,0.2,5705.69380952381,1448.77,Delhi,Men,Retail
3532,2024-07-05,React Infinity,Running,XL,1.0,9244.96,0.47,9244.49,-955.19,Mumbai,Kids,Online
3533,2023-05-11,Air Zoom,Running,L,1.0,5991.58,0.0,5991.58,451.71,Hyderabad,Kids,Retail
3534,2024-11-09,Zoom Freak,Basketball,Unknown,3.0,3280.57,0.62,9839.85,427.76,Kolkata,Kids,Retail
3535,2024-12-24,LeBron 20,Basketball,XL,1.0,6302.89,0.82,6302.070000000001,169.86,Pune,Kids,Retail
3536,2024-12-01,Dunk Low,Lifestyle,12,1.0,3929.3,0.0,3929.3,3934.31,Bengaluru,Women,Retail
3542,2024-11-28,Air Force 1,Lifestyle,Unknown,1.0,7199.03,0.61,7198.42,1826.07,Mumbai,Men,Retail
3543,2024-11-22,Dunk Low,Lifestyle,Unknown,2.0,5884.702903225807,0.0,11769.405806451614,2712.79,Pune,Kids,Retail
3545,2023-03-08,Flex Trainer,Training,12,3.0,6230.998695652174,0.0,18692.996086956522,2239.86,Delhi,Men,Online
3548,2024-12-03,Phantom GT,Soccer,Unknown,3.0,5798.905416666667,0.0,17396.71625,3366.32,Kolkata,Kids,Online
3551,2023-02-08,SuperRep Go,Training,10,1.0,9948.15,1.12,9947.029999999999,-259.16,Kolkata,Women,Retail
3552,2025-05-17,React Infinity,Running,XL,4.0,6562.255999999999,0.0,26249.023999999998,762.95,Mumbai,Men,Retail
3557,2024-08-09,Air Jordan,Basketball,L,1.0,5357.1505,0.66,5356.4905,-884.81,Hyderabad,Kids,Retail
3561,2024-07-24,Zoom Freak,Basketball,11,1.0,6700.074210526316,0.0,6700.074210526316,1062.39,Kolkata,Women,Online
3566,2024-12-12,Waffle One,Lifestyle,XL,1.0,6112.424782608695,0.0,6112.424782608695,2315.64,Hyderabad,Men,Retail
3569,2024-12-08,Phantom GT,Soccer,12,1.0,9203.0,0.0,9203.0,1797.66,Kolkata,Women,Online
3570,2025-02-23,Tiempo Legend,Soccer,Unknown,1.0,9713.73,0.0,9713.73,1914.18,Delhi,Men,Online
3582,2024-01-09,Mercurial Superfly,Soccer,M,1.0,2117.04,0.0,2117.04,806.52,Pune,Kids,Online
3584,2025-03-19,Air Jordan,Basketball,10,1.0,3500.16,0.0,3500.16,-258.05,Kolkata,Men,Online
3585,2025-05-03,Air Zoom,Running,XL,1.0,5991.58,0.52,5991.0599999999995,1263.91,Kolkata,Men,Retail
3586,2024-12-14,Waffle One,Lifestyle,L,1.0,6112.424782608695,0.0,6112.424782608695,3579.64,Delhi,Women,Online
3587,2025-01-07,SuperRep Go,Training,6,1.0,5705.89380952381,0.0,5705.89380952381,-1182.04,Bengaluru,Men,Online
2025,2024-08-01,Waffle One,Lifestyle,Unknown,1.0,5245.87,0.0,5245.87,-1193.87,Hyderbad,Men,Retail
3591,2024-11-08,Pegasus Turbo,Running,8,1.0,3718.65,1.1,3717.55,2210.66,Delhi,Kids,Retail
3592,2025-06-15,Free RN,Running,L,1.0,8609.05,0.0,8609.05,1289.77,Kolkata,Women,Retail
3594,2025-02-24,Flex Trainer,Training,Unknown,1.0,9694.85,0.98,9693.87,1562.86,Hyderbad,Kids,Online
3595,2023-05-09,Air Zoom,Running,L,1.0,6890.68,0.0,6890.68,3385.84,Pune,Kids,Online
3596,2025-06-10,Metcon 7,Training,8,2.0,6091.2242857142855,0.0,12182.448571428571,-66.97,Pune,Men,Online
3597,2025-04-07,Zoom Freak,Basketball,Unknown,1.0,6700.074210526316,1.17,6698.904210526316,230.4,Hyderabad,Kids,Online
3605,2025-01-09,Phantom GT,Soccer,M,2.0,8837.76,0.0,17675.52,1627.87,Hyderabad,Men,Online
3611,2025-04-10,Waffle One,Lifestyle,Unknown,1.0,5798.69,0.0,5798.69,3450.57,Delhi,Women,Online
3612,2025-06-22,Air Zoom,Running,XL,1.0,4632.0,0.0,4632.0,2397.42,Mumbai,Women,Online
3617,2024-11-20,Premier III,Soccer,9,2.0,4694.37,0.0,9388.74,2406.47,Mumbai,Men,Online
3618,2025-06-15,Mercurial Superfly,Soccer,9,3.0,2209.45,0.0,6628.349999999999,932.04,Kolkata,Men,Retail
3621,2025-04-20,LeBron 20,Basketball,L,1.0,9699.01,0.0,9699.01,3858.11,Mumbai,Women,Retail
3625,2025-03-02,Tiempo Legend,Soccer,XL,1.0,5768.682,0.0,5768.682,849.98,Kolkata,Kids,Retail
3626,2024-09-24,React Infinity,Running,7,1.0,6562.255999999999,0.0,6562.255999999999,1911.32,Pune,Men,Retail
3635,2025-03-22,SuperRep Go,Training,M,2.0,5705.89380952381,0.0,11411.78761904762,3656.45,Bengaluru,Men,Retail
3639,2025-01-05,Mercurial Superfly,Soccer,XL,1.0,5775.984,0.43,5775.554,2929.76,Pune,Men,Online
3648,2025-01-08,Tiempo Legend,Soccer,M,1.0,5768.682,0.0,5768.682,3584.04,Bengaluru,Men,Online
3650,2024-07-01,Premier III,Soccer,M,1.0,6198.562173913043,0.0,6198.562173913043,-520.93,Delhi,Women,Retail
3655,2025-05-08,Air Force 1,Lifestyle,6,1.0,6773.485862068966,0.0,6773.485862068966,3499.88,Pune,Women,Retail
3663,2025-04-09,SuperRep Go,Training,L,1.0,5604.03,0.0,5604.03,3359.81,Delhi,Women,Retail
3664,2025-04-20,Flex Trainer,Training,XL,1.0,6230.998695652174,1.22,6229.778695652174,480.16,Mumbai,Women,Retail
3665,2024-06-07,Blazer Mid,Lifestyle,Unknown,1.0,2958.1,0.0,2958.1,2003.55,Hyderabad,Women,Retail
3666,2025-07-04,Air Zoom,Running,Unknown,2.0,5991.58,1.18,11980.8,3382.55,Delhi,Women,Retail
3678,2024-08-14,Waffle One,Lifestyle,10,3.0,6112.424782608695,0.0,18337.274347826085,1488.91,Kolkata,Women,Online
3686,2024-10-26,SuperRep Go,Training,8,1.0,5705.89380952381,0.0,5705.89380952381,-2.86,Hyderbad,Women,Retail
3687,2024-10-23,ZoomX Invincible,Training,XL,1.0,6216.27,0.0,6216.27,2418.27,Mumbai,Women,Retail
3689,2024-09-01,Phantom GT,Soccer,XL,1.0,5798.905416666667,0.0,5798.905416666667,1854.17,Pune,Women,Retail
3691,2025-03-28,Premier III,Soccer,11,4.0,6198.562173913043,0.51,24792.20869565217,2305.88,Bengaluru,Men,Online
3695,2025-04-07,SuperRep Go,Training,Unknown,1.0,4788.11,0.19,4787.92,-259.55,Mumbai,Kids,Retail
3696,2024-09-11,ZoomX Invincible,Training,M,1.0,6425.04,0.0,6425.04,1966.58,Kolkata,Kids,Retail
3703,2024-10-01,Air Zoom,Running,M,1.0,5991.58,0.0,5991.58,326.86,Mumbai,Men,Online
3705,2024-11-09,Metcon 7,Training,6,1.0,5644.1,0.09,5644.01,3860.78,Hyderbad,Kids,Online
3707,2025-02-01,Waffle One,Lifestyle,L,4.0,9532.8,0.0,38131.2,732.26,Mumbai,Kids,Online
3708,2025-02-15,Kyrie Flytrap,Basketball,12,1.0,4546.64,0.77,4545.87,3305.02,Bengaluru,Kids,Retail
3712,2024-08-03,Air Jordan,Basketball,Unknown,1.0,3455.53,0.0,3455.53,3810.67,Delhi,Kids,Online
3713,2024-10-30,Zoom Freak,Basketball,XL,1.0,6700.074210526316,0.68,6699.394210526316,3271.73,Pune,Men,Retail
3715,2025-06-23,Air Force 1,Lifestyle,L,4.0,6773.485862068966,0.0,27093.943448275862,2774.43,Bengaluru,Men,Online
3721,2025-07-02,Tiempo Legend,Soccer,10,1.0,7155.1,0.0,7155.1,2274.14,Kolkata,Kids,Retail
3726,2025-01-30,Tiempo Legend,Soccer,Unknown,1.0,5768.682,0.0,5768.682,-239.87,Pune,Kids,Retail
3727,2024-12-17,Zoom Freak,Basketball,L,1.0,6700.074210526316,0.6,6699.474210526316,1555.74,Delhi,Women,Retail
3731,2025-02-13,Phantom GT,Soccer,L,1.0,7038.04,0.0,7038.04,301.9,Delhi,Kids,Online
3738,2025-03-30,Premier III,Soccer,11,1.0,6968.08,0.02,6968.0599999999995,-673.94,Delhi,Men,Online
3739,2025-01-13,SuperRep Go,Training,11,1.0,5050.05,0.0,5050.05,3928.19,Kolkata,Women,Online
3741,2025-07-13,Air Force 1,Lifestyle,L,2.0,8927.22,0.2,17854.039999999997,821.32,Kolkata,Kids,Retail
3745,2025-09-03,Waffle One,Lifestyle,Unknown,1.0,6112.424782608695,0.0,6112.424782608695,552.84,Kolkata,Men,Online
3746,2024-12-06,Waffle One,Lifestyle,M,1.0,7490.78,0.0,7490.78,2815.43,Mumbai,Kids,Retail
3747,2025-06-08,Air Force 1,Lifestyle,Unknown,4.0,5776.58,0.0,23106.32,616.71,Hyderabad,Men,Retail
3752,2024-10-07,Mercurial Superfly,Soccer,L,1.0,9021.79,0.04,9021.75,2618.72,Kolkata,Kids,Retail
3754,2024-09-29,Free RN,Running,L,3.0,4288.27,0.0,12864.810000000001,828.22,Bengaluru,Kids,Online
3756,2024-10-01,Kyrie Flytrap,Basketball,XL,1.0,5486.323846153847,0.0,5486.323846153847,-289.63,Hyderbad,Men,Retail
3757,2024-12-06,Metcon 7,Training,Unknown,1.0,6091.2242857142855,0.0,6091.2242857142855,-106.88,Hyderbad,Men,Retail
3758,2025-10-05,Pegasus Turbo,Running,M,3.0,4306.67,0.0,12920.01,-233.45,Delhi,Kids,Retail
3760,2025-05-29,Air Jordan,Basketball,7,1.0,8313.84,0.0,8313.84,1735.58,Kolkata,Men,Online
3765,2024-09-02,Pegasus Turbo,Running,M,3.0,6310.468125,0.44,18930.084375000002,3376.32,Hyderabad,Kids,Online
3767,2025-05-08,Flex Trainer,Training,Unknown,1.0,6230.998695652174,0.2,6230.7986956521745,-102.84,Mumbai,Kids,Retail
3769,2025-03-17,Free RN,Running,10,1.0,5418.565,0.62,5417.945,799.21,Bengaluru,Women,Retail
3770,2024-03-02,Free RN,Running,M,4.0,5418.565,0.36,21672.82,3784.67,Mumbai,Women,Retail
3771,2024-09-02,Kyrie Flytrap,Basketball,XL,1.0,3388.26,0.0,3388.26,2376.36,Delhi,Kids,Retail
3772,2024-11-23,Mercurial Superfly,Soccer,XL,3.0,8140.47,0.0,24421.41,3115.97,Pune,Women,Retail
3774,2024-12-16,Mercurial Superfly,Soccer,L,1.0,3126.57,0.0,3126.57,66.02,Hyderabad,Women,Retail
3776,2024-12-11,Tiempo Legend,Soccer,L,1.0,5768.682,1.22,5767.4619999999995,-1034.46,Kolkata,Men,Online
3777,2025-06-05,SuperRep Go,Training,XL,1.0,5705.89380952381,0.0,5705.89380952381,2781.77,Hyderabad,Men,Retail
3778,2025-06-05,Waffle One,Lifestyle,11,1.0,7248.3,0.0,7248.3,-672.15,Kolkata,Kids,Online
3788,2025-05-18,Tiempo Legend,Soccer,L,1.0,5768.682,0.0,5768.682,-302.19,Kolkata,Kids,Retail
3792,2024-07-23,Free RN,Running,L,1.0,5418.565,1.23,5417.335,3737.69,Pune,Men,Retail
3794,2025-04-18,Flex Trainer,Training,XL,3.0,9360.87,0.0,28082.61,125.97,Pune,Men,Online
3797,2025-06-25,ZoomX Invincible,Training,L,1.0,8735.51,0.13,8735.380000000001,433.58,Mumbai,Women,Online
3806,2024-03-01,Free RN,Running,M,1.0,5418.565,0.28,5418.285,416.94,Bengaluru,Women,Retail
3820,2025-02-04,Flex Trainer,Training,XL,1.0,6230.998695652174,0.0,6230.998695652174,3505.71,Mumbai,Men,Retail
3821,2024-10-19,Air Force 1,Lifestyle,L,1.0,7539.55,0.0,7539.55,-17.8,Kolkata,Women,Retail
3824,2024-11-23,Free RN,Running,11,1.0,5418.565,0.0,5418.565,3501.41,Hyderabad,Kids,Retail
3825,2025-04-01,LeBron 20,Basketball,Unknown,1.0,6663.402173913043,0.63,6662.772173913043,3290.66,Kolkata,Kids,Retail
3830,2024-04-09,Phantom GT,Soccer,L,2.0,3664.1,0.0,7328.2,3188.23,Hyderabad,Kids,Retail
3834,2025-03-23,Dunk Low,Lifestyle,XL,1.0,9190.55,1.07,9189.48,3199.75,Delhi,Kids,Retail
3842,2024-09-14,Tiempo Legend,Soccer,M,1.0,5768.682,1.22,5767.4619999999995,3506.47,Mumbai,Men,Retail
3857,2024-04-09,Mercurial Superfly,Soccer,Unknown,1.0,8490.02,0.96,8489.060000000001,1916.37,Kolkata,Women,Online
3858,2024-09-07,Waffle One,Lifestyle,L,2.0,6112.424782608695,0.87,12223.10956521739,-485.83,Bengaluru,Kids,Online
3859,2024-11-20,Blazer Mid,Lifestyle,M,3.0,6815.108181818182,0.0,20445.324545454547,2907.33,Mumbai,Kids,Retail
3863,2025-06-28,Flex Trainer,Training,XL,1.0,6358.33,0.0,6358.33,290.35,Hyderabad,Women,Retail
3864,2025-05-01,SuperRep Go,Training,7,1.0,5705.89380952381,0.0,5705.89380952381,2972.96,Delhi,Women,Retail
3866,2025-02-14,LeBron 20,Basketball,Unknown,3.0,6663.402173913043,0.64,19988.28652173913,2985.34,Kolkata,Women,Retail
3867,2024-10-04,Waffle One,Lifestyle,XL,1.0,6112.424782608695,0.0,6112.424782608695,3405.94,Bengaluru,Kids,Online
3870,2025-05-17,ZoomX Invincible,Training,M,1.0,6944.2,0.0,6944.2,764.21,Hyderabad,Women,Online
3876,2024-12-24,Phantom GT,Soccer,XL,1.0,4310.9,0.0,4310.9,3835.88,Hyderbad,Men,Retail
3878,2024-08-13,Air Zoom,Running,XL,1.0,3224.56,0.0,3224.56,2178.22,Kolkata,Men,Retail
3883,2025-05-10,Premier III,Soccer,M,1.0,8737.43,0.0,8737.43,-1174.75,Delhi,Kids,Retail
2012,2025-03-30,Air Jordan,Basketball,XL,1.0,5357.1505,0.0,5357.1505,-685.96,Bengaluru,Men,Retail
3885,2024-11-10,Metcon 7,Training,XL,2.0,6091.2242857142855,0.0,12182.448571428571,-512.97,Bengaluru,Men,Online
3890,2025-10-01,ZoomX Invincible,Training,XL,1.0,4392.78,0.0,4392.78,676.44,Delhi,Women,Online
3894,2024-08-06,Premier III,Soccer,11,1.0,5255.98,1.03,5254.95,-1067.96,Pune,Women,Online
3895,2025-02-15,Tiempo Legend,Soccer,XL,1.0,5768.682,0.0,5768.682,366.35,Hyderabad,Men,Online
3898,2025-02-27,LeBron 20,Basketball,L,1.0,6663.402173913043,0.07,6663.332173913043,1353.92,Hyderabad,Men,Retail
3906,2024-09-04,Dunk Low,Lifestyle,XL,4.0,7588.77,0.14,30354.52,3435.73,Hyderbad,Men,Online
3911,2025-05-07,Premier III,Soccer,M,1.0,5598.98,0.0,5598.98,3070.67,Mumbai,Men,Retail
3913,2024-12-06,ZoomX Invincible,Training,XL,1.0,5255.09,0.0,5255.09,2941.84,Delhi,Kids,Retail
3914,2024-10-29,Tiempo Legend,Soccer,XL,2.0,5768.682,0.0,11537.364,1253.02,Delhi,Kids,Retail
2032,2025-03-08,Waffle One,Lifestyle,6,1.0,6112.424782608695,0.0,6112.424782608695,2281.5,Bengaluru,Kids,Retail
3920,2025-09-06,Air Zoom,Running,L,1.0,5540.68,0.0,5540.68,1252.12,Pune,Women,Online
3921,2025-05-23,Blazer Mid,Lifestyle,L,1.0,6815.108181818182,0.0,6815.108181818182,3939.3,Hyderabad,Kids,Retail
3926,2024-08-11,Dunk Low,Lifestyle,XL,2.0,4791.86,0.0,9583.72,2972.86,Mumbai,Men,Online
3927,2025-04-10,Premier III,Soccer,L,1.0,6198.562173913043,0.0,6198.562173913043,999.67,Bengaluru,Women,Retail
3930,2025-02-08,Phantom GT,Soccer,7,1.0,3606.77,0.0,3606.77,3624.68,Mumbai,Men,Retail
3932,2025-06-10,SuperRep Go,Training,L,4.0,4520.97,0.54,18081.72,1289.36,Bengaluru,Kids,Retail
3935,2025-07-22,React Infinity,Running,M,1.0,6562.255999999999,0.0,6562.255999999999,-833.94,Pune,Women,Retail
3939,2025-01-22,ZoomX Invincible,Training,M,1.0,6396.086666666667,0.0,6396.086666666667,2219.59,Bengaluru,Women,Online
3944,2024-10-12,Metcon 7,Training,Unknown,1.0,6091.2242857142855,0.04,6091.184285714286,-151.58,Bengaluru,Men,Online
3947,2024-07-29,SuperRep Go,Training,Unknown,2.0,5705.89380952381,0.0,11411.78761904762,3354.76,Kolkata,Men,Retail
2003,2025-03-03,Waffle One,Lifestyle,Unknown,1.0,7203.25,0.0,7203.25,-23.38,Kolkata,Women,Online
3960,2025-06-22,Dunk Low,Lifestyle,9,1.0,2451.47,0.0,2451.47,1850.9,Mumbai,Women,Retail
3961,2025-03-28,Waffle One,Lifestyle,Unknown,1.0,3369.14,0.0,3369.14,3888.52,Hyderabad,Kids,Online
3964,2025-01-03,ZoomX Invincible,Training,XL,1.0,6396.086666666667,0.0,6396.086666666667,117.6,Kolkata,Women,Retail
3969,2023-04-08,Waffle One,Lifestyle,XL,1.0,7922.86,0.0,7922.86,3753.92,Mumbai,Women,Retail
3972,2024-12-20,Pegasus Turbo,Running,XL,1.0,6310.468125,0.0,6310.468125,1990.32,Bengaluru,Men,Retail
3978,2024-11-09,Flex Trainer,Training,Unknown,2.0,9847.52,0.0,19695.04,754.75,Delhi,Women,Retail
3980,2025-07-07,SuperRep Go,Training,10,1.0,5705.89380952381,0.0,5705.89380952381,-223.3,Hyderbad,Men,Retail
3982,2024-10-16,Zoom Freak,Basketball,L,1.0,8006.71,0.0,8006.71,1486.86,Bengaluru,Men,Online
3986,2024-11-10,Air Zoom,Running,L,1.0,5991.58,0.0,5991.58,681.84,Mumbai,Kids,Retail
3987,2024-08-18,Zoom Freak,Basketball,L,2.0,6700.074210526316,0.0,13400.148421052632,3908.61,Hyderabad,Kids,Retail
3989,2024-10-20,Metcon 7,Training,L,1.0,6091.2242857142855,0.0,6091.2242857142855,1005.26,Bengaluru,Men,Online
3992,2025-01-13,Dunk Low,Lifestyle,XL,1.0,4431.62,0.0,4431.62,-907.76,Pune,Men,Online
3994,2025-12-04,Air Jordan,Basketball,Unknown,4.0,5357.1505,0.0,21428.602,-97.39,Bengaluru,Kids,Retail
4000,2025-01-09,Air Jordan,Basketball,M,1.0,5357.1505,0.11,5357.0405,309.79,Kolkata,Women,Retail
4011,2025-04-07,Air Zoom,Running,M,4.0,4909.56,0.0,19638.24,2934.53,Bengaluru,Women,Retail
4013,2025-07-04,LeBron 20,Basketball,10,2.0,3794.99,0.0,7589.98,1398.9,Hyderbad,Women,Online
4014,2024-08-04,Air Zoom,Running,L,1.0,5991.58,0.0,5991.58,563.6,Hyderbad,Kids,Retail
4015,2025-07-05,Air Force 1,Lifestyle,L,4.0,5505.76,0.0,22023.04,1194.93,Bengaluru,Men,Online
4022,2024-12-21,Metcon 7,Training,L,1.0,6091.2242857142855,0.0,6091.2242857142855,2380.63,Bengaluru,Kids,Online
4029,2025-06-29,Flex Trainer,Training,XL,1.0,6230.998695652174,0.0,6230.998695652174,3231.16,Bengaluru,Kids,Retail
2020,2025-03-05,Air Zoom,Running,12,2.0,5614.96,0.0,11229.92,671.98,Kolkata,Men,Online
4037,2023-08-08,LeBron 20,Basketball,XL,1.0,6663.402173913043,0.74,6662.662173913043,776.81,Delhi,Women,Retail
4038,2025-03-04,Pegasus Turbo,Running,Unknown,1.0,5349.1,0.0,5349.1,1724.16,Pune,Kids,Retail
2041,2025-07-05,Metcon 7,Training,12,1.0,6091.2242857142855,0.35,6090.874285714285,1727.5,Hyderabad,Men,Online
4041,2024-09-09,Pegasus Turbo,Running,Unknown,2.0,6310.468125,0.0,12620.93625,3221.72,Mumbai,Men,Online
2003,2024-08-03,Premier III,Soccer,L,1.0,6198.562173913043,0.56,6198.0021739130425,2353.41,Kolkata,Women,Online
4050,2025-02-27,Pegasus Turbo,Running,XL,1.0,3750.77,0.0,3750.77,-171.08,Bengaluru,Women,Online
4051,2024-10-11,Metcon 7,Training,Unknown,1.0,7986.76,0.0,7986.76,944.54,Hyderabad,Kids,Online
4052,2025-01-19,Flex Trainer,Training,L,1.0,6952.66,0.0,6952.66,1624.3,Hyderbad,Kids,Online
4054,2024-09-05,Waffle One,Lifestyle,Unknown,1.0,3394.38,0.75,3393.63,-401.5,Mumbai,Women,Online
4056,2024-12-13,Air Zoom,Running,8,1.0,5991.58,0.0,5991.58,3732.77,Hyderabad,Kids,Retail
4064,2024-09-24,Air Jordan,Basketball,L,4.0,5357.1505,0.38,21427.082,587.63,Hyderabad,Men,Retail
4065,2024-12-08,LeBron 20,Basketball,XL,1.0,7881.81,0.0,7881.81,1067.59,Pune,Women,Online
2030,2025-08-02,Premier III,Soccer,L,1.0,9804.64,0.71,9803.93,635.57,Bengaluru,Women,Online
4073,2024-11-30,Flex Trainer,Training,M,2.0,5732.59,0.0,11465.18,3353.3,Kolkata,Kids,Online
4075,2025-05-30,Free RN,Running,XL,1.0,5418.565,0.0,5418.565,2484.0,Delhi,Kids,Online
4076,2025-04-03,LeBron 20,Basketball,Unknown,1.0,6663.402173913043,0.33,6663.072173913043,925.71,Kolkata,Kids,Online
4079,2024-11-21,Waffle One,Lifestyle,XL,1.0,6112.424782608695,1.03,6111.394782608695,2083.6,Delhi,Kids,Retail
4082,2025-04-07,Mercurial Superfly,Soccer,M,1.0,8233.64,0.0,8233.64,3007.26,Bengaluru,Kids,Retail
4086,2025-03-04,Air Zoom,Running,XL,3.0,4537.02,0.0,13611.060000000001,-195.0,Pune,Women,Online
4090,2025-06-26,Air Force 1,Lifestyle,L,1.0,5109.51,0.0,5109.51,-1164.28,Delhi,Men,Retail
4092,2024-10-23,Air Force 1,Lifestyle,XL,1.0,9861.8,0.0,9861.8,48.02,Delhi,Women,Online
4096,2024-03-04,Phantom GT,Soccer,8,1.0,5798.905416666667,0.0,5798.905416666667,3865.04,Pune,Women,Online
4099,2025-03-15,Tiempo Legend,Soccer,Unknown,1.0,8864.29,0.0,8864.29,3616.91,Pune,Women,Online
4101,2024-10-07,Mercurial Superfly,Soccer,Unknown,1.0,5775.984,0.0,5775.984,3064.92,Delhi,Men,Retail
4107,2025-04-27,React Infinity,Running,L,2.0,6562.255999999999,0.0,13124.511999999999,779.19,Hyderbad,Kids,Retail
4109,2024-11-29,SuperRep Go,Training,12,1.0,9731.83,0.0,9731.83,-675.88,Mumbai,Kids,Online
4110,2024-08-26,Metcon 7,Training,M,2.0,6091.2242857142855,0.41,12181.628571428571,3387.91,Hyderabad,Men,Retail
4112,2025-04-22,React Infinity,Running,L,1.0,6254.85,0.0,6254.85,2093.68,Delhi,Women,Online
4114,2025-07-13,Metcon 7,Training,XL,4.0,4307.83,0.0,17231.32,-233.59,Bengaluru,Kids,Retail
4117,2024-10-03,Zoom Freak,Basketball,M,1.0,9501.67,0.51,9501.16,266.4,Hyderabad,Women,Online
4122,2025-06-18,Dunk Low,Lifestyle,11,1.0,5884.702903225807,0.0,5884.702903225807,-261.43,Mumbai,Kids,Retail
4129,2025-02-03,Pegasus Turbo,Running,Unknown,1.0,3445.62,0.24,3445.38,-29.1,Kolkata,Men,Retail
4132,2024-08-08,Dunk Low,Lifestyle,XL,1.0,5087.72,0.07,5087.650000000001,-921.97,Hyderabad,Women,Online
4141,2024-12-21,ZoomX Invincible,Training,7,1.0,2406.03,0.0,2406.03,1504.9,Bengaluru,Men,Online
4143,2025-03-26,React Infinity,Running,Unknown,1.0,6562.255999999999,0.0,6562.255999999999,3876.35,Delhi,Women,Retail
4147,2024-11-26,Zoom Freak,Basketball,L,1.0,7659.09,0.0,7659.09,106.35,Delhi,Men,Online
4149,2024-09-14,SuperRep Go,Training,10,4.0,5716.52,0.0,22866.08,274.76,Pune,Women,Retail
4150,2024-12-17,Zoom Freak,Basketball,11,1.0,6700.074210526316,0.81,6699.264210526316,3076.73,Pune,Men,Retail
4151,2024-10-10,Metcon 7,Training,M,1.0,7282.99,0.05,7282.94,871.53,Kolkata,Kids,Retail
4152,2024-08-07,Kyrie Flytrap,Basketball,XL,1.0,5486.323846153847,0.0,5486.323846153847,1011.99,Mumbai,Men,Online
4153,2025-02-13,Pegasus Turbo,Running,Unknown,2.0,6310.468125,0.0,12620.93625,2255.74,Kolkata,Women,Retail
4157,2025-09-07,Zoom Freak,Basketball,XL,3.0,6700.074210526316,0.0,20100.22263157895,-699.76,Delhi,Men,Retail
4161,2025-04-16,Air Zoom,Running,L,1.0,5991.58,0.4,5991.18,1864.83,Kolkata,Men,Online
4163,2024-12-09,SuperRep Go,Training,L,1.0,5705.89380952381,0.0,5705.89380952381,1942.39,Hyderabad,Men,Retail
4168,2024-09-06,Free RN,Running,10,4.0,5418.565,0.0,21674.26,3282.84,Mumbai,Kids,Retail
4176,2023-02-09,ZoomX Invincible,Training,M,1.0,6396.086666666667,0.0,6396.086666666667,2254.67,Hyderabad,Women,Retail
4178,2024-08-26,Air Jordan,Basketball,L,1.0,5357.1505,0.0,5357.1505,302.75,Hyderabad,Men,Retail
4180,2025-06-04,Pegasus Turbo,Running,M,1.0,6310.468125,0.0,6310.468125,500.23,Kolkata,Men,Retail
4181,2025-05-04,Free RN,Running,M,3.0,5418.565,0.0,16255.695,-564.63,Delhi,Women,Retail
4185,2025-01-02,ZoomX Invincible,Training,6,3.0,6396.086666666667,0.0,19188.260000000002,2562.05,Hyderbad,Women,Online
4186,2025-10-03,LeBron 20,Basketball,XL,1.0,9872.08,0.17,9871.91,409.77,Bengaluru,Men,Online
4192,2025-05-26,Waffle One,Lifestyle,Unknown,1.0,3339.95,1.0,3338.95,642.55,Delhi,Men,Retail
4194,2024-10-28,React Infinity,Running,L,1.0,6562.255999999999,0.0,6562.255999999999,-759.55,Delhi,Kids,Retail
4201,2025-09-05,React Infinity,Running,L,3.0,6562.255999999999,0.0,19686.767999999996,1412.54,Kolkata,Kids,Retail
4202,2025-05-16,SuperRep Go,Training,L,4.0,4996.25,0.0,19985.0,299.85,Pune,Men,Online
4207,2024-11-15,Air Jordan,Basketball,L,1.0,5357.1505,0.0,5357.1505,2063.27,Hyderabad,Women,Retail
4208,2025-04-08,React Infinity,Running,Unknown,1.0,6562.255999999999,0.0,6562.255999999999,-942.96,Pune,Kids,Retail
4209,2023-03-12,Air Zoom,Running,M,1.0,5991.58,0.0,5991.58,3222.58,Kolkata,Women,Online
4214,2024-11-08,SuperRep Go,Training,Unknown,1.0,5705.89380952381,0.0,5705.89380952381,1393.11,Pune,Men,Retail
4215,2025-07-13,Flex Trainer,Training,XL,3.0,7213.51,0.0,21640.53,960.82,Kolkata,Men,Online
4217,2025-08-05,Tiempo Legend,Soccer,12,1.0,3080.23,0.22,3080.01,-950.13,Delhi,Men,Online
4223,2025-04-02,Mercurial Superfly,Soccer,L,1.0,5775.984,0.31,5775.674,-1152.37,Bengaluru,Kids,Retail
4224,2024-10-10,ZoomX Invincible,Training,Unknown,1.0,6396.086666666667,0.58,6395.506666666667,2541.07,Hyderbad,Kids,Online
4228,2025-05-12,SuperRep Go,Training,L,3.0,5705.89380952381,0.0,17117.681428571428,-448.12,Kolkata,Kids,Retail
4229,2025-06-20,Free RN,Running,XL,4.0,5418.565,0.0,21674.26,3470.61,Pune,Kids,Online
4230,2024-08-15,Waffle One,Lifestyle,L,1.0,6112.424782608695,0.0,6112.424782608695,-1193.85,Hyderabad,Kids,Retail
4231,2024-08-01,Blazer Mid,Lifestyle,XL,2.0,6652.23,1.09,13302.279999999999,-780.66,Pune,Kids,Online
4237,2025-02-15,LeBron 20,Basketball,L,1.0,6663.402173913043,0.0,6663.402173913043,572.58,Delhi,Men,Online
4239,2023-08-09,Air Zoom,Running,Unknown,1.0,5991.58,1.13,5990.45,-828.71,Kolkata,Men,Online
4246,2025-01-10,Pegasus Turbo,Running,L,1.0,3576.04,0.0,3576.04,3581.39,Mumbai,Men,Retail
4249,2024-10-11,Flex Trainer,Training,L,1.0,2902.95,0.6,2902.35,-855.08,Bengaluru,Kids,Retail
4251,2024-07-01,LeBron 20,Basketball,M,1.0,6663.402173913043,0.59,6662.812173913043,354.2,Mumbai,Kids,Retail
4252,2024-08-06,SuperRep Go,Training,L,1.0,5705.89380952381,1.0,5704.89380952381,2633.21,Hyderbad,Kids,Online
2013,2024-08-07,Blazer Mid,Lifestyle,Unknown,1.0,6815.108181818182,0.24,6814.868181818182,2827.54,Hyderabad,Kids,Online
4258,2024-10-06,Dunk Low,Lifestyle,L,1.0,4189.36,0.0,4189.36,1276.34,Pune,Kids,Retail
4263,2025-06-30,React Infinity,Running,Unknown,3.0,4641.58,0.0,13924.74,2049.32,Delhi,Men,Retail
4264,2024-11-01,Air Force 1,Lifestyle,M,1.0,6012.55,0.0,6012.55,783.79,Delhi,Kids,Online
4265,2024-08-02,Flex Trainer,Training,M,1.0,6230.998695652174,0.0,6230.998695652174,1852.59,Kolkata,Kids,Online
4266,2025-04-07,Waffle One,Lifestyle,XL,3.0,6112.424782608695,0.0,18337.274347826085,-898.11,Mumbai,Men,Online
4272,2025-06-23,Air Jordan,Basketball,10,1.0,4529.52,0.0,4529.52,2722.9,Mumbai,Women,Online
4276,2025-05-02,Kyrie Flytrap,Basketball,11,3.0,5486.323846153847,0.0,16458.97153846154,-1109.4,Bengaluru,Men,Retail
4277,2024-10-03,Phantom GT,Soccer,11,1.0,6924.77,0.0,6924.77,555.86,Bengaluru,Women,Online
4282,2025-03-20,Phantom GT,Soccer,Unknown,1.0,2670.28,0.0,2670.28,2334.23,Pune,Men,Online
4286,2025-08-06,Tiempo Legend,Soccer,L,1.0,5385.78,0.0,5385.78,840.25,Kolkata,Kids,Online
4299,2025-06-14,Free RN,Running,Unknown,1.0,5418.565,0.0,5418.565,3967.64,Pune,Kids,Online
4300,2024-12-27,Zoom Freak,Basketball,Unknown,1.0,6700.074210526316,0.0,6700.074210526316,1868.82,Kolkata,Kids,Online
2026,2024-05-01,ZoomX Invincible,Training,Unknown,1.0,6396.086666666667,0.0,6396.086666666667,-264.65,Kolkata,Kids,Online
4302,2025-06-03,Flex Trainer,Training,11,1.0,6230.998695652174,0.0,6230.998695652174,3813.44,Pune,Kids,Retail
4304,2024-07-07,Kyrie Flytrap,Basketball,L,1.0,4877.24,0.0,4877.24,2692.2,Hyderbad,Kids,Retail
4314,2025-07-22,Blazer Mid,Lifestyle,Unknown,4.0,8823.88,0.0,35295.52,573.58,Hyderabad,Kids,Online
4315,2024-04-03,Dunk Low,Lifestyle,M,4.0,4080.51,0.0,16322.04,3322.21,Pune,Women,Retail
4316,2024-04-01,React Infinity,Running,XL,1.0,6562.255999999999,0.0,6562.255999999999,405.43,Hyderabad,Men,Retail
4322,2025-01-20,Waffle One,Lifestyle,M,1.0,6112.424782608695,0.0,6112.424782608695,1939.05,Mumbai,Women,Online
4323,2024-10-26,Air Force 1,Lifestyle,M,1.0,8526.42,1.02,8525.4,3573.83,Delhi,Men,Retail
4325,2025-01-15,Zoom Freak,Basketball,L,1.0,6700.074210526316,0.0,6700.074210526316,-402.21,Bengaluru,Men,Retail
4331,2025-03-01,SuperRep Go,Training,Unknown,2.0,4574.53,0.04,9148.98,3534.47,Kolkata,Women,Retail
4334,2024-08-12,Air Jordan,Basketball,Unknown,1.0,4393.46,0.0,4393.46,2432.09,Kolkata,Kids,Online
4339,2024-11-21,Dunk Low,Lifestyle,L,1.0,5884.702903225807,0.33,5884.372903225807,2003.0,Hyderabad,Women,Retail
4346,2025-05-04,ZoomX Invincible,Training,M,1.0,6396.086666666667,0.71,6395.376666666667,3222.9,Mumbai,Men,Online
4347,2025-10-03,Dunk Low,Lifestyle,12,1.0,9440.95,0.0,9440.95,2945.56,Hyderabad,Men,Retail
4352,2025-10-01,Pegasus Turbo,Running,9,1.0,9332.64,0.57,9332.07,-238.9,Kolkata,Men,Retail
4354,2025-03-08,Premier III,Soccer,Unknown,1.0,6908.65,0.0,6908.65,720.09,Kolkata,Men,Retail
4358,2024-10-18,LeBron 20,Basketball,XL,2.0,6663.402173913043,0.43,13325.944347826086,2538.97,Mumbai,Kids,Online
4359,2025-02-23,Pegasus Turbo,Running,L,1.0,9336.51,0.0,9336.51,92.73,Bengaluru,Kids,Online
4362,2025-08-07,Flex Trainer,Training,Unknown,1.0,6230.998695652174,0.0,6230.998695652174,-81.22,Kolkata,Men,Online
4365,2024-10-02,Zoom Freak,Basketball,L,1.0,7357.98,0.0,7357.98,-86.8,Kolkata,Men,Online
4367,2024-08-01,Kyrie Flytrap,Basketball,Unknown,1.0,8832.85,0.0,8832.85,-1073.49,Kolkata,Kids,Retail
4373,2024-08-01,Waffle One,Lifestyle,M,1.0,6112.424782608695,0.0,6112.424782608695,396.99,Bengaluru,Men,Retail
4374,2024-11-19,Zoom Freak,Basketball,XL,3.0,6700.074210526316,0.0,20100.22263157895,-1129.38,Pune,Women,Retail
4376,2024-08-05,Phantom GT,Soccer,M,1.0,7651.93,1.08,7650.85,546.84,Kolkata,Men,Online
4377,2024-12-07,Free RN,Running,12,1.0,5418.565,0.89,5417.674999999999,2302.22,Mumbai,Women,Retail
4382,2024-11-24,Mercurial Superfly,Soccer,Unknown,2.0,5775.984,0.0,11551.968,3659.71,Hyderabad,Kids,Retail
4388,2025-07-02,ZoomX Invincible,Training,M,1.0,6396.086666666667,0.0,6396.086666666667,2186.94,Bengaluru,Women,Retail
4390,2024-12-05,Waffle One,Lifestyle,L,1.0,6112.424782608695,1.11,6111.314782608695,848.64,Bengaluru,Kids,Online
4391,2025-04-20,Dunk Low,Lifestyle,9,1.0,9569.18,0.0,9569.18,2446.09,Pune,Women,Retail
4394,2025-03-14,ZoomX Invincible,Training,L,1.0,8873.61,0.81,8872.800000000001,1663.56,Bengaluru,Women,Retail
4399,2025-01-06,Air Jordan,Basketball,L,1.0,7607.91,0.0,7607.91,-161.85,Bengaluru,Men,Online
4401,2024-11-25,Blazer Mid,Lifestyle,XL,1.0,6815.108181818182,0.0,6815.108181818182,3410.82,Kolkata,Men,Retail
4402,2024-11-19,Premier III,Soccer,Unknown,1.0,6198.562173913043,0.38,6198.182173913043,2429.57,Mumbai,Women,Online
4405,2025-02-24,Flex Trainer,Training,XL,1.0,6230.998695652174,1.24,6229.7586956521745,3373.28,Pune,Women,Retail
4412,2025-05-25,Blazer Mid,Lifestyle,XL,1.0,6815.108181818182,0.0,6815.108181818182,3452.75,Kolkata,Kids,Online
4413,2024-09-03,Free RN,Running,M,1.0,5418.565,0.0,5418.565,2790.67,Hyderbad,Men,Retail
4416,2025-06-07,Zoom Freak,Basketball,Unknown,1.0,2365.6,0.0,2365.6,-178.54,Mumbai,Women,Retail
4420,2023-08-11,Blazer Mid,Lifestyle,L,4.0,4904.79,1.19,19614.4,2633.82,Pune,Women,Retail
4421,2024-09-05,React Infinity,Running,XL,1.0,6562.255999999999,0.0,6562.255999999999,3005.03,Mumbai,Women,Online
4428,2025-04-04,Waffle One,Lifestyle,Unknown,2.0,6112.424782608695,0.0,12224.84956521739,2700.85,Hyderabad,Kids,Online
4429,2025-01-18,Premier III,Soccer,XL,2.0,6198.562173913043,0.49,12396.144347826086,3905.15,Kolkata,Kids,Retail
4430,2025-05-16,Kyrie Flytrap,Basketball,L,2.0,5486.323846153847,0.15,10972.347692307694,3590.87,Bengaluru,Kids,Retail
4431,2025-01-15,Metcon 7,Training,XL,1.0,6091.2242857142855,0.0,6091.2242857142855,-537.53,Bengaluru,Kids,Online
4434,2025-02-09,Zoom Freak,Basketball,L,3.0,3844.82,0.0,11534.460000000001,-289.83,Hyderbad,Men,Online
4436,2025-04-08,SuperRep Go,Training,M,4.0,2720.7,0.0,10882.8,-818.53,Pune,Men,Online
4441,2024-05-05,Premier III,Soccer,L,3.0,6198.562173913043,0.0,18595.686521739128,2036.39,Kolkata,Kids,Retail
4443,2025-05-12,Dunk Low,Lifestyle,9,3.0,7953.0,1.21,23855.37,-665.22,Hyderabad,Men,Retail
4444,2024-10-04,React Infinity,Running,7,4.0,6562.255999999999,0.36,26247.584,243.39,Kolkata,Men,Online
4445,2024-12-15,Metcon 7,Training,XL,1.0,5915.27,0.12,5915.150000000001,3456.95,Mumbai,Women,Retail
4446,2025-01-26,Mercurial Superfly,Soccer,M,2.0,3469.31,0.28,6938.0599999999995,2671.58,Pune,Men,Retail
4452,2025-04-27,Blazer Mid,Lifestyle,M,1.0,6815.108181818182,0.0,6815.108181818182,-86.63,Bengaluru,Women,Online
2019,2024-08-13,LeBron 20,Basketball,Unknown,3.0,6663.402173913043,0.85,19987.65652173913,347.96,Delhi,Men,Online
4466,2024-06-03,Mercurial Superfly,Soccer,Unknown,1.0,4743.16,0.0,4743.16,3480.06,Mumbai,Kids,Retail
4467,2024-03-09,Air Force 1,Lifestyle,XL,1.0,3918.43,0.0,3918.43,2820.24,Kolkata,Kids,Retail
4471,2025-06-20,Zoom Freak,Basketball,Unknown,1.0,2184.95,0.0,2184.95,3303.4,Mumbai,Kids,Online
4472,2024-12-08,LeBron 20,Basketball,Unknown,2.0,6833.94,0.0,13667.88,-151.52,Hyderabad,Women,Online
4475,2024-04-03,Tiempo Legend,Soccer,M,1.0,5768.682,1.25,5767.432,1487.03,Hyderabad,Kids,Online
4476,2025-01-27,Waffle One,Lifestyle,L,1.0,4495.47,0.0,4495.47,560.2,Bengaluru,Women,Online
4479,2024-04-12,Air Force 1,Lifestyle,Unknown,1.0,7530.67,0.0,7530.67,3209.42,Kolkata,Kids,Online
4484,2024-12-12,Air Jordan,Basketball,11,3.0,5981.92,0.8,17943.36,-751.05,Hyderbad,Men,Retail
4485,2025-03-26,Flex Trainer,Training,L,1.0,6230.998695652174,0.78,6230.218695652175,-367.25,Pune,Men,Retail
4488,2024-12-16,Flex Trainer,Training,8,2.0,6230.998695652174,0.0,12461.997391304349,3045.38,Pune,Women,Retail
4489,2025-02-04,Blazer Mid,Lifestyle,9,3.0,6815.108181818182,1.15,20441.874545454546,1890.99,Bengaluru,Kids,Retail
4493,2024-04-10,Blazer Mid,Lifestyle,XL,4.0,6815.108181818182,0.0,27260.432727272728,321.24,Mumbai,Women,Online
